
> stackiq@1.0.0 prebuild
> npm run check:vue-demi


> stackiq@1.0.0 check:vue-demi
> node scripts/check-vue-demi.js


> stackiq@1.0.0 build
> NODE_ENV=production webpack --config webpack.config.js --progress

Building stackiq 1.0.0 

<s> [webpack.Progress] 0% 

<s> [webpack.Progress] 1% setup before run
<s> [webpack.Progress] 1% setup before run NodeEnvironmentPlugin
<s> [webpack.Progress] 1% setup before run
<s> [webpack.Progress] 2% setup run
<s> [webpack.Progress] 2% setup run webpack-cli
<s> [webpack.Progress] 2% setup run
<s> [webpack.Progress] 4% setup normal module factory
<s> [webpack.Progress] 4% setup normal module factory
<s> [webpack.Progress] 5% setup context module factory
<s> [webpack.Progress] 5% setup context module factory
<s> [webpack.Progress] 6% setup before compile
<s> [webpack.Progress] 6% setup before compile
<s> [webpack.Progress] 7% setup compile
<s> [webpack.Progress] 7% setup compile ExternalsPlugin
<s> [webpack.Progress] 7% setup compile
<s> [webpack.Progress] 8% setup compilation
<s> [webpack.Progress] 8% setup compilation ArrayPushCallbackChunkFormatPlugin
<s> [webpack.Progress] 8% setup compilation JsonpChunkLoadingPlugin
<s> [webpack.Progress] 8% setup compilation StartupChunkDependenciesPlugin
<s> [webpack.Progress] 8% setup compilation ImportScriptsChunkLoadingPlugin
<s> [webpack.Progress] 8% setup compilation WorkerAndWorkletPlugin
<s> [webpack.Progress] 8% setup compilation SplitChunksPlugin
<s> [webpack.Progress] 8% setup compilation RuntimeChunkPlugin
<s> [webpack.Progress] 8% setup compilation ResolverCachePlugin
<s> [webpack.Progress] 8% setup compilation
<s> [webpack.Progress] 9% setup compilation
<s> [webpack.Progress] 9% setup compilation ProgressPlugin
<s> [webpack.Progress] 9% setup compilation vue-loader-plugin
<s> [webpack.Progress] 9% setup compilation DefinePlugin
<s> [webpack.Progress] 9% setup compilation DefinePlugin
<s> [webpack.Progress] 9% setup compilation ExternalsPlugin
<s> [webpack.Progress] 9% setup compilation ChunkPrefetchPreloadPlugin
<s> [webpack.Progress] 9% setup compilation ResourceHintPlugin
<s> [webpack.Progress] 9% setup compilation SourceMapDevToolPlugin
<s> [webpack.Progress] 9% setup compilation JavascriptModulesPlugin
<s> [webpack.Progress] 9% setup compilation JsonModulesPlugin
<s> [webpack.Progress] 9% setup compilation AssetModulesPlugin
<s> [webpack.Progress] 9% setup compilation EntryPlugin
<s> [webpack.Progress] 9% setup compilation EntryPlugin
<s> [webpack.Progress] 9% setup compilation EntryPlugin
<s> [webpack.Progress] 9% setup compilation RuntimePlugin
<s> [webpack.Progress] 9% setup compilation InferAsyncModulesPlugin
<s> [webpack.Progress] 9% setup compilation DataUriPlugin
<s> [webpack.Progress] 9% setup compilation FileUriPlugin
<s> [webpack.Progress] 9% setup compilation CompatibilityPlugin
<s> [webpack.Progress] 9% setup compilation HarmonyModulesPlugin
<s> [webpack.Progress] 9% setup compilation AMDPlugin
<s> [webpack.Progress] 9% setup compilation RequireJsStuffPlugin
<s> [webpack.Progress] 9% setup compilation CommonJsPlugin
<s> [webpack.Progress] 9% setup compilation LoaderPlugin
<s> [webpack.Progress] 9% setup compilation LoaderPlugin
<s> [webpack.Progress] 9% setup compilation NodeStuffPlugin
<s> [webpack.Progress] 9% setup compilation APIPlugin
<s> [webpack.Progress] 9% setup compilation ExportsInfoApiPlugin
<s> [webpack.Progress] 9% setup compilation WebpackIsIncludedPlugin
<s> [webpack.Progress] 9% setup compilation ConstPlugin
<s> [webpack.Progress] 9% setup compilation UseStrictPlugin
<s> [webpack.Progress] 9% setup compilation RequireIncludePlugin
<s> [webpack.Progress] 9% setup compilation RequireEnsurePlugin
<s> [webpack.Progress] 9% setup compilation RequireContextPlugin
<s> [webpack.Progress] 9% setup compilation ImportPlugin
<s> [webpack.Progress] 9% setup compilation ImportMetaContextPlugin
<s> [webpack.Progress] 9% setup compilation SystemPlugin
<s> [webpack.Progress] 9% setup compilation ImportMetaPlugin
<s> [webpack.Progress] 9% setup compilation URLPlugin
<s> [webpack.Progress] 9% setup compilation DefaultStatsFactoryPlugin
<s> [webpack.Progress] 9% setup compilation DefaultStatsPresetPlugin
<s> [webpack.Progress] 9% setup compilation DefaultStatsPrinterPlugin
<s> [webpack.Progress] 9% setup compilation JavascriptMetaInfoPlugin
<s> [webpack.Progress] 9% setup compilation EnsureChunkConditionsPlugin
<s> [webpack.Progress] 9% setup compilation RemoveEmptyChunksPlugin
<s> [webpack.Progress] 9% setup compilation MergeDuplicateChunksPlugin
<s> [webpack.Progress] 9% setup compilation FlagIncludedChunksPlugin
<s> [webpack.Progress] 9% setup compilation SideEffectsFlagPlugin
<s> [webpack.Progress] 9% setup compilation FlagDependencyExportsPlugin
<s> [webpack.Progress] 9% setup compilation FlagDependencyUsagePlugin
<s> [webpack.Progress] 9% setup compilation InnerGraphPlugin
<s> [webpack.Progress] 9% setup compilation CircularModulesPlugin
<s> [webpack.Progress] 9% setup compilation ConstExportsPlugin
<s> [webpack.Progress] 9% setup compilation MangleExportsPlugin
<s> [webpack.Progress] 9% setup compilation ModuleConcatenationPlugin
<s> [webpack.Progress] 9% setup compilation NoEmitOnErrorsPlugin
<s> [webpack.Progress] 9% setup compilation RealContentHashPlugin
<s> [webpack.Progress] 9% setup compilation WasmFinalizeExportsPlugin
<s> [webpack.Progress] 9% setup compilation DeterministicModuleIdsPlugin
<s> [webpack.Progress] 9% setup compilation NamedChunkIdsPlugin
<s> [webpack.Progress] 9% setup compilation DefinePlugin
<s> [webpack.Progress] 9% setup compilation TerserPlugin
<s> [webpack.Progress] 9% setup compilation TemplatedPathPlugin
<s> [webpack.Progress] 9% setup compilation RecordIdsPlugin
<s> [webpack.Progress] 9% setup compilation WarnCaseSensitiveModulesPlugin
<s> [webpack.Progress] 9% setup compilation
<s> [webpack.Progress] 10% building
<s> [webpack.Progress] 10% building 0/1 entries 0/0 dependencies 0/0 modules
<s> [webpack.Progress] 10% building import loader ./node_modules/vue-loader/dist/index.js
<s> [webpack.Progress] 10% building 0/3 entries 29/104 dependencies 2/22 modules
<s> [webpack.Progress] 10% building import loader ./node_modules/style-loader/dist/cjs.js
<s> [webpack.Progress] 10% building import loader ./node_modules/css-loader/dist/cjs.js
<s> [webpack.Progress] 10% building 0/3 entries 44/104 dependencies 2/33 modules
<s> [webpack.Progress] 10% building import loader ./node_modules/vue-loader/dist/pitcher.js
<s> [webpack.Progress] 10% building 0/3 entries 172/201 dependencies 4/134 modules
<s> [webpack.Progress] 10% building import loader ./node_modules/vue-loader/dist/templateLoader.js
<s> [webpack.Progress] 10% building 0/3 entries 172/201 dependencies 4/134 modules
<s> [webpack.Progress] 10% building import loader ./node_modules/vue-loader/dist/stylePostLoader.js
<s> [webpack.Progress] 10% building 0/3 entries 364/396 dependencies 4/277 modules
<s> [webpack.Progress] 11% building 0/3 entries 755/800 dependencies 119/489 modules
<s> [webpack.Progress] 12% building 0/3 entries 900/963 dependencies 232/543 modules
<s> [webpack.Progress] 13% building 0/3 entries 1009/1085 dependencies 357/600 modules
<s> [webpack.Progress] 14% building 0/3 entries 1800/1914 dependencies 392/1165 modules
<s> [webpack.Progress] 16% building 0/3 entries 2300/2380 dependencies 571/1370 modules
<s> [webpack.Progress] 16% building 0/3 entries 3068/3200 dependencies 598/1820 modules
<s> [webpack.Progress] 17% building 0/3 entries 4071/4100 dependencies 666/2105 modules
<s> [webpack.Progress] 18% building 0/3 entries 4700/4761 dependencies 771/2515 modules
<s> [webpack.Progress] 19% building 0/3 entries 4948/5000 dependencies 828/2614 modules
<s> [webpack.Progress] 19% building 0/3 entries 6182/6300 dependencies 907/3176 modules
<s> [webpack.Progress] 22% building 0/3 entries 6748/6800 dependencies 1173/3378 modules
<s> [webpack.Progress] 28% building 0/3 entries 7000/7044 dependencies 1666/3414 modules
<s> [webpack.Progress] 29% building 0/3 entries 7098/7117 dependencies 1800/3459 modules
<s> [webpack.Progress] 31% building 0/3 entries 7388/7400 dependencies 1987/3542 modules
<s> [webpack.Progress] 35% building 0/3 entries 7862/7900 dependencies 2296/3569 modules
<s> [webpack.Progress] 35% building 0/3 entries 8159/8200 dependencies 2342/3656 modules
<s> [webpack.Progress] 38% building 0/3 entries 8900/8972 dependencies 2593/4022 modules
<s> [webpack.Progress] 43% building 0/3 entries 9100/9163 dependencies 3036/4127 modules
<s> [webpack.Progress] 46% building 0/3 entries 9835/9900 dependencies 3326/4281 modules
<s> [webpack.Progress] 48% building 0/3 entries 10034/10081 dependencies 3500/4339 modules
<s> [webpack.Progress] 52% building 0/3 entries 10310/10400 dependencies 3830/4532 modules
<s> [webpack.Progress] 53% building 0/3 entries 10536/10600 dependencies 3977/4645 modules
<s> [webpack.Progress] 55% building 0/3 entries 11068/11200 dependencies 4133/4768 modules
<s> [webpack.Progress] 57% building 0/3 entries 11530/11561 dependencies 4300/4925 modules
<s> [webpack.Progress] 60% building 0/3 entries 12003/12084 dependencies 4700/5123 modules
<s> [webpack.Progress] 64% building 1/3 entries 12340/12340 dependencies 5201/5205 modules
<s> [webpack.Progress] 64% building 2/3 entries 12340/12340 dependencies 5202/5205 modules
<s> [webpack.Progress] 65% building 3/3 entries 12340/12340 dependencies 5205/5205 modules
<s> [webpack.Progress] 65% building
<s> [webpack.Progress] 69% building finish
<s> [webpack.Progress] 69% building finish
<s> [webpack.Progress] 70% sealing finish module graph
<s> [webpack.Progress] 70% sealing finish module graph ResolverCachePlugin
<s> [webpack.Progress] 70% sealing finish module graph InferAsyncModulesPlugin
<s> [webpack.Progress] 70% sealing finish module graph FlagDependencyExportsPlugin
<s> [webpack.Progress] 70% sealing finish module graph InnerGraphPlugin
<s> [webpack.Progress] 70% sealing finish module graph WasmFinalizeExportsPlugin
<s> [webpack.Progress] 70% sealing finish module graph
<s> [webpack.Progress] 70% sealing plugins
<s> [webpack.Progress] 70% sealing plugins WarnCaseSensitiveModulesPlugin
<s> [webpack.Progress] 70% sealing plugins
<s> [webpack.Progress] 71% sealing dependencies optimization
<s> [webpack.Progress] 71% sealing dependencies optimization SideEffectsFlagPlugin
<s> [webpack.Progress] 71% sealing dependencies optimization FlagDependencyUsagePlugin
<s> [webpack.Progress] 71% sealing dependencies optimization ConstExportsPlugin
<s> [webpack.Progress] 71% sealing dependencies optimization
<s> [webpack.Progress] 71% sealing after dependencies optimization
<s> [webpack.Progress] 71% sealing after dependencies optimization
<s> [webpack.Progress] 72% sealing chunk graph
<s> [webpack.Progress] 72% sealing chunk graph
<s> [webpack.Progress] 73% sealing after chunk graph
<s> [webpack.Progress] 73% sealing after chunk graph
<s> [webpack.Progress] 73% sealing optimizing
<s> [webpack.Progress] 73% sealing optimizing
<s> [webpack.Progress] 74% sealing module optimization
<s> [webpack.Progress] 74% sealing module optimization CircularModulesPlugin
<s> [webpack.Progress] 74% sealing module optimization
<s> [webpack.Progress] 75% sealing after module optimization
<s> [webpack.Progress] 75% sealing after module optimization
<s> [webpack.Progress] 75% sealing chunk optimization
<s> [webpack.Progress] 75% sealing chunk optimization EnsureChunkConditionsPlugin
<s> [webpack.Progress] 75% sealing chunk optimization RemoveEmptyChunksPlugin
<s> [webpack.Progress] 75% sealing chunk optimization MergeDuplicateChunksPlugin
<s> [webpack.Progress] 75% sealing chunk optimization SplitChunksPlugin
<s> [webpack.Progress] 75% sealing chunk optimization RemoveEmptyChunksPlugin
<s> [webpack.Progress] 75% sealing chunk optimization
<s> [webpack.Progress] 76% sealing after chunk optimization
<s> [webpack.Progress] 76% sealing after chunk optimization
<s> [webpack.Progress] 77% sealing module and chunk tree optimization
<s> [webpack.Progress] 77% sealing module and chunk tree optimization
<s> [webpack.Progress] 77% sealing after module and chunk tree optimization
<s> [webpack.Progress] 77% sealing after module and chunk tree optimization
<s> [webpack.Progress] 78% sealing chunk modules optimization
<s> [webpack.Progress] 78% sealing chunk modules optimization ModuleConcatenationPlugin
<s> [webpack.Progress] 78% sealing chunk modules optimization
<s> [webpack.Progress] 78% sealing after chunk modules optimization
<s> [webpack.Progress] 78% sealing after chunk modules optimization
<s> [webpack.Progress] 79% sealing module reviving
<s> [webpack.Progress] 79% sealing module reviving RecordIdsPlugin
<s> [webpack.Progress] 79% sealing module reviving
<s> [webpack.Progress] 80% sealing before module ids
<s> [webpack.Progress] 80% sealing before module ids
<s> [webpack.Progress] 80% sealing module ids
<s> [webpack.Progress] 80% sealing module ids DeterministicModuleIdsPlugin
<s> [webpack.Progress] 80% sealing module ids
<s> [webpack.Progress] 81% sealing module id optimization
<s> [webpack.Progress] 81% sealing module id optimization
<s> [webpack.Progress] 82% sealing module id optimization
<s> [webpack.Progress] 82% sealing module id optimization
<s> [webpack.Progress] 82% sealing chunk reviving
<s> [webpack.Progress] 82% sealing chunk reviving RecordIdsPlugin
<s> [webpack.Progress] 82% sealing chunk reviving
<s> [webpack.Progress] 83% sealing before chunk ids
<s> [webpack.Progress] 83% sealing before chunk ids
<s> [webpack.Progress] 84% sealing chunk ids
<s> [webpack.Progress] 84% sealing chunk ids NamedChunkIdsPlugin
<s> [webpack.Progress] 84% sealing chunk ids
<s> [webpack.Progress] 84% sealing chunk id optimization
<s> [webpack.Progress] 84% sealing chunk id optimization FlagIncludedChunksPlugin
<s> [webpack.Progress] 84% sealing chunk id optimization
<s> [webpack.Progress] 85% sealing after chunk id optimization
<s> [webpack.Progress] 85% sealing after chunk id optimization
<s> [webpack.Progress] 86% sealing record modules
<s> [webpack.Progress] 86% sealing record modules RecordIdsPlugin
<s> [webpack.Progress] 86% sealing record modules
<s> [webpack.Progress] 86% sealing record chunks
<s> [webpack.Progress] 86% sealing record chunks RecordIdsPlugin
<s> [webpack.Progress] 86% sealing record chunks
<s> [webpack.Progress] 87% sealing module hashing
<s> [webpack.Progress] 87% sealing module hashing
<s> [webpack.Progress] 87% sealing code generation
<s> [webpack.Progress] 87% sealing code generation
<s> [webpack.Progress] 88% sealing runtime requirements
<s> [webpack.Progress] 88% sealing runtime requirements
<s> [webpack.Progress] 89% sealing hashing
<s> [webpack.Progress] 89% sealing hashing
<s> [webpack.Progress] 89% sealing after hashing
<s> [webpack.Progress] 89% sealing after hashing
<s> [webpack.Progress] 90% sealing record hash
<s> [webpack.Progress] 90% sealing record hash
<s> [webpack.Progress] 91% sealing module assets processing
<s> [webpack.Progress] 91% sealing module assets processing
<s> [webpack.Progress] 91% sealing chunk assets processing
<s> [webpack.Progress] 91% sealing chunk assets processing
<s> [webpack.Progress] 92% sealing asset processing
<s> [webpack.Progress] 92% sealing asset processing TerserPlugin
<s> [webpack.Progress] 92% sealing asset processing SourceMapDevToolPlugin
<s> [webpack.Progress] 92% sealing asset processing SourceMapDevToolPlugin
<s> [webpack.Progress] 92% sealing asset processing SourceMapDevToolPlugin stackiq-main.js generate SourceMap
<s> [webpack.Progress] 92% sealing asset processing SourceMapDevToolPlugin stackiq-main.js generated SourceMap
<s> [webpack.Progress] 92% sealing asset processing SourceMapDevToolPlugin stackiq-settings.js generate SourceMap
<s> [webpack.Progress] 92% sealing asset processing SourceMapDevToolPlugin stackiq-settings.js generated SourceMap
<s> [webpack.Progress] 92% sealing asset processing SourceMapDevToolPlugin stackiq-conceptOrganisatiesWidget.js generate SourceMap
<s> [webpack.Progress] 92% sealing asset processing SourceMapDevToolPlugin stackiq-conceptOrganisatiesWidget.js generated SourceMap
<s> [webpack.Progress] 92% sealing asset processing SourceMapDevToolPlugin stackiq-runtime.js?v=4e143d313b49c3414187 generate SourceMap
<s> [webpack.Progress] 92% sealing asset processing SourceMapDevToolPlugin stackiq-runtime.js?v=4e143d313b49c3414187 generated SourceMap
<s> [webpack.Progress] 92% sealing asset processing SourceMapDevToolPlugin stackiq-node_modules_date-fns_locale_af_js.js?v=3593d9800cc239ae83ea generate SourceMap
<s> [webpack.Progress] 92% sealing asset processing SourceMapDevToolPlugin stackiq-node_modules_date-fns_locale_af_js.js?v=3593d9800cc239ae83ea generated SourceMap
<s> [webpack.Progress] 92% sealing asset processing SourceMapDevToolPlugin stackiq-node_modules_date-fns_locale_ar-DZ_js.js?v=883f100c59a199e692cb generate SourceMap
<s> [webpack.Progress] 92% sealing asset processing SourceMapDevToolPlugin stackiq-node_modules_date-fns_locale_ar-DZ_js.js?v=883f100c59a199e692cb generated SourceMap
<s> [webpack.Progress] 92% sealing asset processing SourceMapDevToolPlugin stackiq-node_modules_date-fns_locale_ar-EG_js.js?v=cbfc355e48fe3e5bcdf9 generate SourceMap
<s> [webpack.Progress] 92% sealing asset processing SourceMapDevToolPlugin stackiq-node_modules_date-fns_locale_ar-EG_js.js?v=cbfc355e48fe3e5bcdf9 generated SourceMap
<s> [webpack.Progress] 92% sealing asset processing SourceMapDevToolPlugin stackiq-node_modules_date-fns_locale_ar-MA_js.js?v=17343ab3535c791b1790 generate SourceMap
<s> [webpack.Progress] 92% sealing asset processing SourceMapDevToolPlugin stackiq-node_modules_date-fns_locale_ar-MA_js.js?v=17343ab3535c791b1790 generated SourceMap
<s> [webpack.Progress] 92% sealing asset processing SourceMapDevToolPlugin stackiq-node_modules_date-fns_locale_ar-SA_js.js?v=04e9037f996e20009d64 generate SourceMap
<s> [webpack.Progress] 92% sealing asset processing SourceMapDevToolPlugin stackiq-node_modules_date-fns_locale_ar-SA_js.js?v=04e9037f996e20009d64 generated SourceMap
<s> [webpack.Progress] 92% sealing asset processing SourceMapDevToolPlugin stackiq-node_modules_date-fns_locale_ar-TN_js.js?v=ea697392c9301b5d9abe generate SourceMap
<s> [webpack.Progress] 92% sealing asset processing SourceMapDevToolPlugin stackiq-node_modules_date-fns_locale_ar-TN_js.js?v=ea697392c9301b5d9abe generated SourceMap
<s> [webpack.Progress] 92% sealing asset processing SourceMapDevToolPlugin stackiq-node_modules_date-fns_locale_ar_js.js?v=eb1817627739eceb610d generate SourceMap
<s> [webpack.Progress] 92% sealing asset processing SourceMapDevToolPlugin stackiq-node_modules_date-fns_locale_ar_js.js?v=eb1817627739eceb610d generated SourceMap
<s> [webpack.Progress] 92% sealing asset processing SourceMapDevToolPlugin stackiq-node_modules_date-fns_locale_az_js.js?v=85d9ab126f1be898ad8d generate SourceMap
<s> [webpack.Progress] 92% sealing asset processing SourceMapDevToolPlugin stackiq-node_modules_date-fns_locale_az_js.js?v=85d9ab126f1be898ad8d generated SourceMap
<s> [webpack.Progress] 92% sealing asset processing SourceMapDevToolPlugin stackiq-node_modules_date-fns_locale_be-tarask_js.js?v=cf942f2edfabfe9bcad2 generate SourceMap
<s> [webpack.Progress] 92% sealing asset processing SourceMapDevToolPlugin stackiq-node_modules_date-fns_locale_be-tarask_js.js?v=cf942f2edfabfe9bcad2 generated SourceMap
<s> [webpack.Progress] 92% sealing asset processing SourceMapDevToolPlugin stackiq-node_modules_date-fns_locale_be_js.js?v=94b25812a63c1b69b9cc generate SourceMap
<s> [webpack.Progress] 92% sealing asset processing SourceMapDevToolPlugin stackiq-node_modules_date-fns_locale_be_js.js?v=94b25812a63c1b69b9cc generated SourceMap
<s> [webpack.Progress] 92% sealing asset processing SourceMapDevToolPlugin stackiq-node_modules_date-fns_locale_bg_js.js?v=17f2a5580067fd5ed540 generate SourceMap
<s> [webpack.Progress] 92% sealing asset processing SourceMapDevToolPlugin stackiq-node_modules_date-fns_locale_bg_js.js?v=17f2a5580067fd5ed540 generated SourceMap
<s> [webpack.Progress] 92% sealing asset processing SourceMapDevToolPlugin stackiq-node_modules_date-fns_locale_bn_js.js?v=b719f058d5c280567a56 generate SourceMap
<s> [webpack.Progress] 92% sealing asset processing SourceMapDevToolPlugin stackiq-node_modules_date-fns_locale_bn_js.js?v=b719f058d5c280567a56 generated SourceMap
<s> [webpack.Progress] 92% sealing asset processing SourceMapDevToolPlugin stackiq-node_modules_date-fns_locale_bs_js.js?v=42f9cdfda5bec030100c generate SourceMap
<s> [webpack.Progress] 92% sealing asset processing SourceMapDevToolPlugin stackiq-node_modules_date-fns_locale_bs_js.js?v=42f9cdfda5bec030100c generated SourceMap
<s> [webpack.Progress] 92% sealing asset processing SourceMapDevToolPlugin stackiq-node_modules_date-fns_locale_ca_js.js?v=53465a3c2927c675550b generate SourceMap
<s> [webpack.Progress] 92% sealing asset processing SourceMapDevToolPlugin stackiq-node_modules_date-fns_locale_ca_js.js?v=53465a3c2927c675550b generated SourceMap
<s> [webpack.Progress] 92% sealing asset processing SourceMapDevToolPlugin stackiq-node_modules_date-fns_locale_ckb_js.js?v=081401c215348bd5c2c1 generate SourceMap
<s> [webpack.Progress] 92% sealing asset processing SourceMapDevToolPlugin stackiq-node_modules_date-fns_locale_ckb_js.js?v=081401c215348bd5c2c1 generated SourceMap
<s> [webpack.Progress] 92% sealing asset processing SourceMapDevToolPlugin stackiq-node_modules_date-fns_locale_cs_js.js?v=ba3caf51879830e3e676 generate SourceMap
<s> [webpack.Progress] 92% sealing asset processing SourceMapDevToolPlugin stackiq-node_modules_date-fns_locale_cs_js.js?v=ba3caf51879830e3e676 generated SourceMap
<s> [webpack.Progress] 92% sealing asset processing SourceMapDevToolPlugin stackiq-node_modules_date-fns_locale_cy_js.js?v=ca960853e4ab145abfd2 generate SourceMap
<s> [webpack.Progress] 92% sealing asset processing SourceMapDevToolPlugin stackiq-node_modules_date-fns_locale_cy_js.js?v=ca960853e4ab145abfd2 generated SourceMap
<s> [webpack.Progress] 92% sealing asset processing SourceMapDevToolPlugin stackiq-node_modules_date-fns_locale_da_js.js?v=3cdbbd023322ff9881b4 generate SourceMap
<s> [webpack.Progress] 92% sealing asset processing SourceMapDevToolPlugin stackiq-node_modules_date-fns_locale_da_js.js?v=3cdbbd023322ff9881b4 generated SourceMap
<s> [webpack.Progress] 92% sealing asset processing SourceMapDevToolPlugin stackiq-node_modules_date-fns_locale_de-AT_js.js?v=2258677702185dd6cd63 generate SourceMap
<s> [webpack.Progress] 92% sealing asset processing SourceMapDevToolPlugin stackiq-node_modules_date-fns_locale_de-AT_js.js?v=2258677702185dd6cd63 generated SourceMap
<s> [webpack.Progress] 92% sealing asset processing SourceMapDevToolPlugin stackiq-node_modules_date-fns_locale_de_js.js?v=40eff802baa55ec5e6a7 generate SourceMap
<s> [webpack.Progress] 92% sealing asset processing SourceMapDevToolPlugin stackiq-node_modules_date-fns_locale_de_js.js?v=40eff802baa55ec5e6a7 generated SourceMap
<s> [webpack.Progress] 92% sealing asset processing SourceMapDevToolPlugin stackiq-node_modules_date-fns_locale_el_js.js?v=b48121f032531471202e generate SourceMap
<s> [webpack.Progress] 92% sealing asset processing SourceMapDevToolPlugin stackiq-node_modules_date-fns_locale_el_js.js?v=b48121f032531471202e generated SourceMap
<s> [webpack.Progress] 92% sealing asset processing SourceMapDevToolPlugin stackiq-node_modules_date-fns_locale_en-AU_js.js?v=b6aa645929e99d7255f1 generate SourceMap
<s> [webpack.Progress] 92% sealing asset processing SourceMapDevToolPlugin stackiq-node_modules_date-fns_locale_en-AU_js.js?v=b6aa645929e99d7255f1 generated SourceMap
<s> [webpack.Progress] 92% sealing asset processing SourceMapDevToolPlugin stackiq-node_modules_date-fns_locale_en-CA_js.js?v=21d37f64911b38a1c7ec generate SourceMap
<s> [webpack.Progress] 92% sealing asset processing SourceMapDevToolPlugin stackiq-node_modules_date-fns_locale_en-CA_js.js?v=21d37f64911b38a1c7ec generated SourceMap
<s> [webpack.Progress] 92% sealing asset processing SourceMapDevToolPlugin stackiq-node_modules_date-fns_locale_en-GB_js.js?v=fb5b57934162264c5cdc generate SourceMap
<s> [webpack.Progress] 92% sealing asset processing SourceMapDevToolPlugin stackiq-node_modules_date-fns_locale_en-GB_js.js?v=fb5b57934162264c5cdc generated SourceMap
<s> [webpack.Progress] 92% sealing asset processing SourceMapDevToolPlugin stackiq-node_modules_date-fns_locale_en-IE_js.js?v=ef569bf59701c6941bd6 generate SourceMap
<s> [webpack.Progress] 92% sealing asset processing SourceMapDevToolPlugin stackiq-node_modules_date-fns_locale_en-IE_js.js?v=ef569bf59701c6941bd6 generated SourceMap
<s> [webpack.Progress] 92% sealing asset processing SourceMapDevToolPlugin stackiq-node_modules_date-fns_locale_en-IN_js.js?v=b8a9e0356a0852cd510c generate SourceMap
<s> [webpack.Progress] 92% sealing asset processing SourceMapDevToolPlugin stackiq-node_modules_date-fns_locale_en-IN_js.js?v=b8a9e0356a0852cd510c generated SourceMap
<s> [webpack.Progress] 92% sealing asset processing SourceMapDevToolPlugin stackiq-node_modules_date-fns_locale_en-NZ_js.js?v=5e8cafce275131480900 generate SourceMap
<s> [webpack.Progress] 92% sealing asset processing SourceMapDevToolPlugin stackiq-node_modules_date-fns_locale_en-NZ_js.js?v=5e8cafce275131480900 generated SourceMap
<s> [webpack.Progress] 92% sealing asset processing SourceMapDevToolPlugin stackiq-node_modules_date-fns_locale_en-ZA_js.js?v=34a5507afd9363259301 generate SourceMap
<s> [webpack.Progress] 92% sealing asset processing SourceMapDevToolPlugin stackiq-node_modules_date-fns_locale_en-ZA_js.js?v=34a5507afd9363259301 generated SourceMap
<s> [webpack.Progress] 92% sealing asset processing SourceMapDevToolPlugin stackiq-node_modules_date-fns_locale_eo_js.js?v=8779fa76b367353a6c64 generate SourceMap
<s> [webpack.Progress] 92% sealing asset processing SourceMapDevToolPlugin stackiq-node_modules_date-fns_locale_eo_js.js?v=8779fa76b367353a6c64 generated SourceMap
<s> [webpack.Progress] 92% sealing asset processing SourceMapDevToolPlugin stackiq-node_modules_date-fns_locale_es_js.js?v=58918dafb9871e7a7201 generate SourceMap
<s> [webpack.Progress] 92% sealing asset processing SourceMapDevToolPlugin stackiq-node_modules_date-fns_locale_es_js.js?v=58918dafb9871e7a7201 generated SourceMap
<s> [webpack.Progress] 92% sealing asset processing SourceMapDevToolPlugin stackiq-node_modules_date-fns_locale_et_js.js?v=5059a275093f22a2f709 generate SourceMap
<s> [webpack.Progress] 92% sealing asset processing SourceMapDevToolPlugin stackiq-node_modules_date-fns_locale_et_js.js?v=5059a275093f22a2f709 generated SourceMap
<s> [webpack.Progress] 92% sealing asset processing SourceMapDevToolPlugin stackiq-node_modules_date-fns_locale_eu_js.js?v=245ff3119c322339abb6 generate SourceMap
<s> [webpack.Progress] 92% sealing asset processing SourceMapDevToolPlugin stackiq-node_modules_date-fns_locale_eu_js.js?v=245ff3119c322339abb6 generated SourceMap
<s> [webpack.Progress] 92% sealing asset processing SourceMapDevToolPlugin stackiq-node_modules_date-fns_locale_fa-IR_js.js?v=782a3940f1ae45587565 generate SourceMap
<s> [webpack.Progress] 92% sealing asset processing SourceMapDevToolPlugin stackiq-node_modules_date-fns_locale_fa-IR_js.js?v=782a3940f1ae45587565 generated SourceMap
<s> [webpack.Progress] 92% sealing asset processing SourceMapDevToolPlugin stackiq-node_modules_date-fns_locale_fi_js.js?v=c9820b8d6075e15a8a9b generate SourceMap
<s> [webpack.Progress] 92% sealing asset processing SourceMapDevToolPlugin stackiq-node_modules_date-fns_locale_fi_js.js?v=c9820b8d6075e15a8a9b generated SourceMap
<s> [webpack.Progress] 92% sealing asset processing SourceMapDevToolPlugin stackiq-node_modules_date-fns_locale_fr-CA_js.js?v=46c120c36b03b969ed29 generate SourceMap
<s> [webpack.Progress] 92% sealing asset processing SourceMapDevToolPlugin stackiq-node_modules_date-fns_locale_fr-CA_js.js?v=46c120c36b03b969ed29 generated SourceMap
<s> [webpack.Progress] 92% sealing asset processing SourceMapDevToolPlugin stackiq-node_modules_date-fns_locale_fr-CH_js.js?v=08e8a5d441dc2b09aa26 generate SourceMap
<s> [webpack.Progress] 92% sealing asset processing SourceMapDevToolPlugin stackiq-node_modules_date-fns_locale_fr-CH_js.js?v=08e8a5d441dc2b09aa26 generated SourceMap
<s> [webpack.Progress] 92% sealing asset processing SourceMapDevToolPlugin stackiq-node_modules_date-fns_locale_fr_js.js?v=65461cd2cda5fee2a5df generate SourceMap
<s> [webpack.Progress] 92% sealing asset processing SourceMapDevToolPlugin stackiq-node_modules_date-fns_locale_fr_js.js?v=65461cd2cda5fee2a5df generated SourceMap
<s> [webpack.Progress] 92% sealing asset processing SourceMapDevToolPlugin stackiq-node_modules_date-fns_locale_fy_js.js?v=b50ad118ac63c809ed01 generate SourceMap
<s> [webpack.Progress] 92% sealing asset processing SourceMapDevToolPlugin stackiq-node_modules_date-fns_locale_fy_js.js?v=b50ad118ac63c809ed01 generated SourceMap
<s> [webpack.Progress] 92% sealing asset processing SourceMapDevToolPlugin stackiq-node_modules_date-fns_locale_gd_js.js?v=ab7eee3fd4a6e2315070 generate SourceMap
<s> [webpack.Progress] 92% sealing asset processing SourceMapDevToolPlugin stackiq-node_modules_date-fns_locale_gd_js.js?v=ab7eee3fd4a6e2315070 generated SourceMap
<s> [webpack.Progress] 92% sealing asset processing SourceMapDevToolPlugin stackiq-node_modules_date-fns_locale_gl_js.js?v=4d6229be8ef33f9df279 generate SourceMap
<s> [webpack.Progress] 92% sealing asset processing SourceMapDevToolPlugin stackiq-node_modules_date-fns_locale_gl_js.js?v=4d6229be8ef33f9df279 generated SourceMap
<s> [webpack.Progress] 92% sealing asset processing SourceMapDevToolPlugin stackiq-node_modules_date-fns_locale_gu_js.js?v=da7197d93c4a73089eb5 generate SourceMap
<s> [webpack.Progress] 92% sealing asset processing SourceMapDevToolPlugin stackiq-node_modules_date-fns_locale_gu_js.js?v=da7197d93c4a73089eb5 generated SourceMap
<s> [webpack.Progress] 92% sealing asset processing SourceMapDevToolPlugin stackiq-node_modules_date-fns_locale_he_js.js?v=fd18a66c0411ad3f8258 generate SourceMap
<s> [webpack.Progress] 92% sealing asset processing SourceMapDevToolPlugin stackiq-node_modules_date-fns_locale_he_js.js?v=fd18a66c0411ad3f8258 generated SourceMap
<s> [webpack.Progress] 92% sealing asset processing SourceMapDevToolPlugin stackiq-node_modules_date-fns_locale_hi_js.js?v=b8a97a8e136ca83775f4 generate SourceMap
<s> [webpack.Progress] 92% sealing asset processing SourceMapDevToolPlugin stackiq-node_modules_date-fns_locale_hi_js.js?v=b8a97a8e136ca83775f4 generated SourceMap
<s> [webpack.Progress] 92% sealing asset processing SourceMapDevToolPlugin stackiq-node_modules_date-fns_locale_hr_js.js?v=51d6887de14f83b6fe9e generate SourceMap
<s> [webpack.Progress] 92% sealing asset processing SourceMapDevToolPlugin stackiq-node_modules_date-fns_locale_hr_js.js?v=51d6887de14f83b6fe9e generated SourceMap
<s> [webpack.Progress] 92% sealing asset processing SourceMapDevToolPlugin stackiq-node_modules_date-fns_locale_ht_js.js?v=0b85ad4e69c5f8fefc89 generate SourceMap
<s> [webpack.Progress] 92% sealing asset processing SourceMapDevToolPlugin stackiq-node_modules_date-fns_locale_ht_js.js?v=0b85ad4e69c5f8fefc89 generated SourceMap
<s> [webpack.Progress] 92% sealing asset processing SourceMapDevToolPlugin stackiq-node_modules_date-fns_locale_hu_js.js?v=d178c26e60899e419abc generate SourceMap
<s> [webpack.Progress] 92% sealing asset processing SourceMapDevToolPlugin stackiq-node_modules_date-fns_locale_hu_js.js?v=d178c26e60899e419abc generated SourceMap
<s> [webpack.Progress] 92% sealing asset processing SourceMapDevToolPlugin stackiq-node_modules_date-fns_locale_hy_js.js?v=683704bbe82d31479ed9 generate SourceMap
<s> [webpack.Progress] 92% sealing asset processing SourceMapDevToolPlugin stackiq-node_modules_date-fns_locale_hy_js.js?v=683704bbe82d31479ed9 generated SourceMap
<s> [webpack.Progress] 92% sealing asset processing SourceMapDevToolPlugin stackiq-node_modules_date-fns_locale_id_js.js?v=71203fce1bc11d627647 generate SourceMap
<s> [webpack.Progress] 92% sealing asset processing SourceMapDevToolPlugin stackiq-node_modules_date-fns_locale_id_js.js?v=71203fce1bc11d627647 generated SourceMap
<s> [webpack.Progress] 92% sealing asset processing SourceMapDevToolPlugin stackiq-node_modules_date-fns_locale_is_js.js?v=25e2cd315eb886365bfc generate SourceMap
<s> [webpack.Progress] 92% sealing asset processing SourceMapDevToolPlugin stackiq-node_modules_date-fns_locale_is_js.js?v=25e2cd315eb886365bfc generated SourceMap
<s> [webpack.Progress] 92% sealing asset processing SourceMapDevToolPlugin stackiq-node_modules_date-fns_locale_it-CH_js.js?v=a318239376a80a2ee0ce generate SourceMap
<s> [webpack.Progress] 92% sealing asset processing SourceMapDevToolPlugin stackiq-node_modules_date-fns_locale_it-CH_js.js?v=a318239376a80a2ee0ce generated SourceMap
<s> [webpack.Progress] 92% sealing asset processing SourceMapDevToolPlugin stackiq-node_modules_date-fns_locale_it_js.js?v=9f6d81821fe45238a656 generate SourceMap
<s> [webpack.Progress] 92% sealing asset processing SourceMapDevToolPlugin stackiq-node_modules_date-fns_locale_it_js.js?v=9f6d81821fe45238a656 generated SourceMap
<s> [webpack.Progress] 92% sealing asset processing SourceMapDevToolPlugin stackiq-node_modules_date-fns_locale_ja-Hira_js.js?v=551ae6f7b74924167baa generate SourceMap
<s> [webpack.Progress] 92% sealing asset processing SourceMapDevToolPlugin stackiq-node_modules_date-fns_locale_ja-Hira_js.js?v=551ae6f7b74924167baa generated SourceMap
<s> [webpack.Progress] 92% sealing asset processing SourceMapDevToolPlugin stackiq-node_modules_date-fns_locale_ja_js.js?v=90bf898ec22d3919d69e generate SourceMap
<s> [webpack.Progress] 92% sealing asset processing SourceMapDevToolPlugin stackiq-node_modules_date-fns_locale_ja_js.js?v=90bf898ec22d3919d69e generated SourceMap
<s> [webpack.Progress] 92% sealing asset processing SourceMapDevToolPlugin stackiq-node_modules_date-fns_locale_ka_js.js?v=eaec5e467880de0ac179 generate SourceMap
<s> [webpack.Progress] 92% sealing asset processing SourceMapDevToolPlugin stackiq-node_modules_date-fns_locale_ka_js.js?v=eaec5e467880de0ac179 generated SourceMap
<s> [webpack.Progress] 92% sealing asset processing SourceMapDevToolPlugin stackiq-node_modules_date-fns_locale_kk_js.js?v=fa1e8ddd89cb06c9cd0e generate SourceMap
<s> [webpack.Progress] 92% sealing asset processing SourceMapDevToolPlugin stackiq-node_modules_date-fns_locale_kk_js.js?v=fa1e8ddd89cb06c9cd0e generated SourceMap
<s> [webpack.Progress] 92% sealing asset processing SourceMapDevToolPlugin stackiq-node_modules_date-fns_locale_km_js.js?v=f30f12ed95cb379201b9 generate SourceMap
<s> [webpack.Progress] 92% sealing asset processing SourceMapDevToolPlugin stackiq-node_modules_date-fns_locale_km_js.js?v=f30f12ed95cb379201b9 generated SourceMap
<s> [webpack.Progress] 92% sealing asset processing SourceMapDevToolPlugin stackiq-node_modules_date-fns_locale_kn_js.js?v=81ff08f976e1b79b3de5 generate SourceMap
<s> [webpack.Progress] 92% sealing asset processing SourceMapDevToolPlugin stackiq-node_modules_date-fns_locale_kn_js.js?v=81ff08f976e1b79b3de5 generated SourceMap
<s> [webpack.Progress] 92% sealing asset processing SourceMapDevToolPlugin stackiq-node_modules_date-fns_locale_ko_js.js?v=3acbae3b6ff72ee59a09 generate SourceMap
<s> [webpack.Progress] 92% sealing asset processing SourceMapDevToolPlugin stackiq-node_modules_date-fns_locale_ko_js.js?v=3acbae3b6ff72ee59a09 generated SourceMap
<s> [webpack.Progress] 92% sealing asset processing SourceMapDevToolPlugin stackiq-node_modules_date-fns_locale_lb_js.js?v=b2128e8dede6c0bfd9dc generate SourceMap
<s> [webpack.Progress] 92% sealing asset processing SourceMapDevToolPlugin stackiq-node_modules_date-fns_locale_lb_js.js?v=b2128e8dede6c0bfd9dc generated SourceMap
<s> [webpack.Progress] 92% sealing asset processing SourceMapDevToolPlugin stackiq-node_modules_date-fns_locale_lt_js.js?v=e8e1ccae049972504993 generate SourceMap
<s> [webpack.Progress] 92% sealing asset processing SourceMapDevToolPlugin stackiq-node_modules_date-fns_locale_lt_js.js?v=e8e1ccae049972504993 generated SourceMap
<s> [webpack.Progress] 92% sealing asset processing SourceMapDevToolPlugin stackiq-node_modules_date-fns_locale_lv_js.js?v=baa2269591526fb1be1a generate SourceMap
<s> [webpack.Progress] 92% sealing asset processing SourceMapDevToolPlugin stackiq-node_modules_date-fns_locale_lv_js.js?v=baa2269591526fb1be1a generated SourceMap
<s> [webpack.Progress] 92% sealing asset processing SourceMapDevToolPlugin stackiq-node_modules_date-fns_locale_mk_js.js?v=7f3fd7b289f02d0aab5d generate SourceMap
<s> [webpack.Progress] 92% sealing asset processing SourceMapDevToolPlugin stackiq-node_modules_date-fns_locale_mk_js.js?v=7f3fd7b289f02d0aab5d generated SourceMap
<s> [webpack.Progress] 92% sealing asset processing SourceMapDevToolPlugin stackiq-node_modules_date-fns_locale_mn_js.js?v=7da698a9a2017a804679 generate SourceMap
<s> [webpack.Progress] 92% sealing asset processing SourceMapDevToolPlugin stackiq-node_modules_date-fns_locale_mn_js.js?v=7da698a9a2017a804679 generated SourceMap
<s> [webpack.Progress] 92% sealing asset processing SourceMapDevToolPlugin stackiq-node_modules_date-fns_locale_ms_js.js?v=92fbabe4ab9b3f10ea51 generate SourceMap
<s> [webpack.Progress] 92% sealing asset processing SourceMapDevToolPlugin stackiq-node_modules_date-fns_locale_ms_js.js?v=92fbabe4ab9b3f10ea51 generated SourceMap
<s> [webpack.Progress] 92% sealing asset processing SourceMapDevToolPlugin stackiq-node_modules_date-fns_locale_mt_js.js?v=10c1403ea3bb011aa920 generate SourceMap
<s> [webpack.Progress] 92% sealing asset processing SourceMapDevToolPlugin stackiq-node_modules_date-fns_locale_mt_js.js?v=10c1403ea3bb011aa920 generated SourceMap
<s> [webpack.Progress] 92% sealing asset processing SourceMapDevToolPlugin stackiq-node_modules_date-fns_locale_nb_js.js?v=d529d72e0a76d246f506 generate SourceMap
<s> [webpack.Progress] 92% sealing asset processing SourceMapDevToolPlugin stackiq-node_modules_date-fns_locale_nb_js.js?v=d529d72e0a76d246f506 generated SourceMap
<s> [webpack.Progress] 92% sealing asset processing SourceMapDevToolPlugin stackiq-node_modules_date-fns_locale_nl-BE_js.js?v=90528b3c459130211725 generate SourceMap
<s> [webpack.Progress] 92% sealing asset processing SourceMapDevToolPlugin stackiq-node_modules_date-fns_locale_nl-BE_js.js?v=90528b3c459130211725 generated SourceMap
<s> [webpack.Progress] 92% sealing asset processing SourceMapDevToolPlugin stackiq-node_modules_date-fns_locale_nl_js.js?v=78d9b0275645b769bab5 generate SourceMap
<s> [webpack.Progress] 92% sealing asset processing SourceMapDevToolPlugin stackiq-node_modules_date-fns_locale_nl_js.js?v=78d9b0275645b769bab5 generated SourceMap
<s> [webpack.Progress] 92% sealing asset processing SourceMapDevToolPlugin stackiq-node_modules_date-fns_locale_nn_js.js?v=9cab23872dbbefeabdb3 generate SourceMap
<s> [webpack.Progress] 92% sealing asset processing SourceMapDevToolPlugin stackiq-node_modules_date-fns_locale_nn_js.js?v=9cab23872dbbefeabdb3 generated SourceMap
<s> [webpack.Progress] 92% sealing asset processing SourceMapDevToolPlugin stackiq-node_modules_date-fns_locale_oc_js.js?v=5c780a82b662e25c4619 generate SourceMap
<s> [webpack.Progress] 92% sealing asset processing SourceMapDevToolPlugin stackiq-node_modules_date-fns_locale_oc_js.js?v=5c780a82b662e25c4619 generated SourceMap
<s> [webpack.Progress] 92% sealing asset processing SourceMapDevToolPlugin stackiq-node_modules_date-fns_locale_pl_js.js?v=46be404a2a62af811931 generate SourceMap
<s> [webpack.Progress] 92% sealing asset processing SourceMapDevToolPlugin stackiq-node_modules_date-fns_locale_pl_js.js?v=46be404a2a62af811931 generated SourceMap
<s> [webpack.Progress] 92% sealing asset processing SourceMapDevToolPlugin stackiq-node_modules_date-fns_locale_pt-BR_js.js?v=4287eb6fe9e5aff5422d generate SourceMap
<s> [webpack.Progress] 92% sealing asset processing SourceMapDevToolPlugin stackiq-node_modules_date-fns_locale_pt-BR_js.js?v=4287eb6fe9e5aff5422d generated SourceMap
<s> [webpack.Progress] 92% sealing asset processing SourceMapDevToolPlugin stackiq-node_modules_date-fns_locale_pt_js.js?v=f4f06757ebbb75272814 generate SourceMap
<s> [webpack.Progress] 92% sealing asset processing SourceMapDevToolPlugin stackiq-node_modules_date-fns_locale_pt_js.js?v=f4f06757ebbb75272814 generated SourceMap
<s> [webpack.Progress] 92% sealing asset processing SourceMapDevToolPlugin stackiq-node_modules_date-fns_locale_ro_js.js?v=3c350e621f2baecf7c6c generate SourceMap
<s> [webpack.Progress] 92% sealing asset processing SourceMapDevToolPlugin stackiq-node_modules_date-fns_locale_ro_js.js?v=3c350e621f2baecf7c6c generated SourceMap
<s> [webpack.Progress] 92% sealing asset processing SourceMapDevToolPlugin stackiq-node_modules_date-fns_locale_ru_js.js?v=999d34c0cd75ff816b4e generate SourceMap
<s> [webpack.Progress] 92% sealing asset processing SourceMapDevToolPlugin stackiq-node_modules_date-fns_locale_ru_js.js?v=999d34c0cd75ff816b4e generated SourceMap
<s> [webpack.Progress] 92% sealing asset processing SourceMapDevToolPlugin stackiq-node_modules_date-fns_locale_se_js.js?v=1b76d688b4395c9097d7 generate SourceMap
<s> [webpack.Progress] 92% sealing asset processing SourceMapDevToolPlugin stackiq-node_modules_date-fns_locale_se_js.js?v=1b76d688b4395c9097d7 generated SourceMap
<s> [webpack.Progress] 92% sealing asset processing SourceMapDevToolPlugin stackiq-node_modules_date-fns_locale_sk_js.js?v=ccf8d3c4302f4d1d11d2 generate SourceMap
<s> [webpack.Progress] 92% sealing asset processing SourceMapDevToolPlugin stackiq-node_modules_date-fns_locale_sk_js.js?v=ccf8d3c4302f4d1d11d2 generated SourceMap
<s> [webpack.Progress] 92% sealing asset processing SourceMapDevToolPlugin stackiq-node_modules_date-fns_locale_sl_js.js?v=940791b4b57eb5080857 generate SourceMap
<s> [webpack.Progress] 92% sealing asset processing SourceMapDevToolPlugin stackiq-node_modules_date-fns_locale_sl_js.js?v=940791b4b57eb5080857 generated SourceMap
<s> [webpack.Progress] 92% sealing asset processing SourceMapDevToolPlugin stackiq-node_modules_date-fns_locale_sq_js.js?v=46f808c1959929692e0b generate SourceMap
<s> [webpack.Progress] 92% sealing asset processing SourceMapDevToolPlugin stackiq-node_modules_date-fns_locale_sq_js.js?v=46f808c1959929692e0b generated SourceMap
<s> [webpack.Progress] 92% sealing asset processing SourceMapDevToolPlugin stackiq-node_modules_date-fns_locale_sr-Latn_js.js?v=a561631c435b40829970 generate SourceMap
<s> [webpack.Progress] 92% sealing asset processing SourceMapDevToolPlugin stackiq-node_modules_date-fns_locale_sr-Latn_js.js?v=a561631c435b40829970 generated SourceMap
<s> [webpack.Progress] 92% sealing asset processing SourceMapDevToolPlugin stackiq-node_modules_date-fns_locale_sr_js.js?v=3ed1c36526a432137ee7 generate SourceMap
<s> [webpack.Progress] 92% sealing asset processing SourceMapDevToolPlugin stackiq-node_modules_date-fns_locale_sr_js.js?v=3ed1c36526a432137ee7 generated SourceMap
<s> [webpack.Progress] 92% sealing asset processing SourceMapDevToolPlugin stackiq-node_modules_date-fns_locale_sv_js.js?v=94f37e60b10328db08fe generate SourceMap
<s> [webpack.Progress] 92% sealing asset processing SourceMapDevToolPlugin stackiq-node_modules_date-fns_locale_sv_js.js?v=94f37e60b10328db08fe generated SourceMap
<s> [webpack.Progress] 92% sealing asset processing SourceMapDevToolPlugin stackiq-node_modules_date-fns_locale_ta_js.js?v=f38782a5041da74d39fc generate SourceMap
<s> [webpack.Progress] 92% sealing asset processing SourceMapDevToolPlugin stackiq-node_modules_date-fns_locale_ta_js.js?v=f38782a5041da74d39fc generated SourceMap
<s> [webpack.Progress] 92% sealing asset processing SourceMapDevToolPlugin stackiq-node_modules_date-fns_locale_te_js.js?v=c8545bf18f2e85fa7180 generate SourceMap
<s> [webpack.Progress] 92% sealing asset processing SourceMapDevToolPlugin stackiq-node_modules_date-fns_locale_te_js.js?v=c8545bf18f2e85fa7180 generated SourceMap
<s> [webpack.Progress] 92% sealing asset processing SourceMapDevToolPlugin stackiq-node_modules_date-fns_locale_th_js.js?v=b7bcc5881ba1fc2a4e63 generate SourceMap
<s> [webpack.Progress] 92% sealing asset processing SourceMapDevToolPlugin stackiq-node_modules_date-fns_locale_th_js.js?v=b7bcc5881ba1fc2a4e63 generated SourceMap
<s> [webpack.Progress] 92% sealing asset processing SourceMapDevToolPlugin stackiq-node_modules_date-fns_locale_tr_js.js?v=9eb5aabf6f2a8023e1ef generate SourceMap
<s> [webpack.Progress] 92% sealing asset processing SourceMapDevToolPlugin stackiq-node_modules_date-fns_locale_tr_js.js?v=9eb5aabf6f2a8023e1ef generated SourceMap
<s> [webpack.Progress] 92% sealing asset processing SourceMapDevToolPlugin stackiq-node_modules_date-fns_locale_ug_js.js?v=4ab5cbbf8e9fd9e17aa4 generate SourceMap
<s> [webpack.Progress] 92% sealing asset processing SourceMapDevToolPlugin stackiq-node_modules_date-fns_locale_ug_js.js?v=4ab5cbbf8e9fd9e17aa4 generated SourceMap
<s> [webpack.Progress] 92% sealing asset processing SourceMapDevToolPlugin stackiq-node_modules_date-fns_locale_uk_js.js?v=fe6cbc49390ec43f7f2c generate SourceMap
<s> [webpack.Progress] 92% sealing asset processing SourceMapDevToolPlugin stackiq-node_modules_date-fns_locale_uk_js.js?v=fe6cbc49390ec43f7f2c generated SourceMap
<s> [webpack.Progress] 92% sealing asset processing SourceMapDevToolPlugin stackiq-node_modules_date-fns_locale_uz-Cyrl_js.js?v=d421af3daff8f8b0b5f2 generate SourceMap
<s> [webpack.Progress] 92% sealing asset processing SourceMapDevToolPlugin stackiq-node_modules_date-fns_locale_uz-Cyrl_js.js?v=d421af3daff8f8b0b5f2 generated SourceMap
<s> [webpack.Progress] 92% sealing asset processing SourceMapDevToolPlugin stackiq-node_modules_date-fns_locale_uz_js.js?v=ee90b6b455dd98d3cd40 generate SourceMap
<s> [webpack.Progress] 92% sealing asset processing SourceMapDevToolPlugin stackiq-node_modules_date-fns_locale_uz_js.js?v=ee90b6b455dd98d3cd40 generated SourceMap
<s> [webpack.Progress] 92% sealing asset processing SourceMapDevToolPlugin stackiq-node_modules_date-fns_locale_vi_js.js?v=d4ced9860cd5ca00d51e generate SourceMap
<s> [webpack.Progress] 92% sealing asset processing SourceMapDevToolPlugin stackiq-node_modules_date-fns_locale_vi_js.js?v=d4ced9860cd5ca00d51e generated SourceMap
<s> [webpack.Progress] 92% sealing asset processing SourceMapDevToolPlugin stackiq-node_modules_date-fns_locale_zh-CN_js.js?v=172ed36cf9037b53f790 generate SourceMap
<s> [webpack.Progress] 92% sealing asset processing SourceMapDevToolPlugin stackiq-node_modules_date-fns_locale_zh-CN_js.js?v=172ed36cf9037b53f790 generated SourceMap
<s> [webpack.Progress] 92% sealing asset processing SourceMapDevToolPlugin stackiq-node_modules_date-fns_locale_zh-HK_js.js?v=cc2af9ee3d69c79fd65f generate SourceMap
<s> [webpack.Progress] 92% sealing asset processing SourceMapDevToolPlugin stackiq-node_modules_date-fns_locale_zh-HK_js.js?v=cc2af9ee3d69c79fd65f generated SourceMap
<s> [webpack.Progress] 92% sealing asset processing SourceMapDevToolPlugin stackiq-node_modules_date-fns_locale_zh-TW_js.js?v=693b18dec2b14f9dc23d generate SourceMap
<s> [webpack.Progress] 92% sealing asset processing SourceMapDevToolPlugin stackiq-node_modules_date-fns_locale_zh-TW_js.js?v=693b18dec2b14f9dc23d generated SourceMap
<s> [webpack.Progress] 92% sealing asset processing SourceMapDevToolPlugin stackiq-node_modules_rehype-highlight_index_js.js?v=13c2de7f60b2264a9495 generate SourceMap
<s> [webpack.Progress] 92% sealing asset processing SourceMapDevToolPlugin stackiq-node_modules_rehype-highlight_index_js.js?v=13c2de7f60b2264a9495 generated SourceMap
<s> [webpack.Progress] 92% sealing asset processing SourceMapDevToolPlugin stackiq-node_modules_nextcloud_files_dist_index_mjs-_da900.js?v=b541db5438f52673ff15 generate SourceMap
<s> [webpack.Progress] 92% sealing asset processing SourceMapDevToolPlugin stackiq-node_modules_nextcloud_files_dist_index_mjs-_da900.js?v=b541db5438f52673ff15 generated SourceMap
<s> [webpack.Progress] 92% sealing asset processing SourceMapDevToolPlugin stackiq-node_modules_nextcloud_files_dist_dav_mjs-node_modules_nextcloud_files_dist_index_mjs-node_mo-c833a5.js?v=4a2d5604930f4153f2f6 generate SourceMap
<s> [webpack.Progress] 92% sealing asset processing SourceMapDevToolPlugin stackiq-node_modules_nextcloud_files_dist_dav_mjs-node_modules_nextcloud_files_dist_index_mjs-node_mo-c833a5.js?v=4a2d5604930f4153f2f6 generated SourceMap
<s> [webpack.Progress] 92% sealing asset processing SourceMapDevToolPlugin stackiq-node_modules_nextcloud_files_dist_index_mjs-_da901.js?v=de4b3b8c45e69483f25b generate SourceMap
<s> [webpack.Progress] 92% sealing asset processing SourceMapDevToolPlugin stackiq-node_modules_nextcloud_files_dist_index_mjs-_da901.js?v=de4b3b8c45e69483f25b generated SourceMap
<s> [webpack.Progress] 92% sealing asset processing SourceMapDevToolPlugin stackiq-node_modules_nextcloud_paths_dist_index_mjs.js?v=a858cb782ef4001e7747 generate SourceMap
<s> [webpack.Progress] 92% sealing asset processing SourceMapDevToolPlugin stackiq-node_modules_nextcloud_paths_dist_index_mjs.js?v=a858cb782ef4001e7747 generated SourceMap
<s> [webpack.Progress] 92% sealing asset processing SourceMapDevToolPlugin stackiq-node_modules_nextcloud_dialogs_dist_chunks_ConflictPicker_mjs.js?v=aa360c00136bef1078e3 generate SourceMap
<s> [webpack.Progress] 92% sealing asset processing SourceMapDevToolPlugin stackiq-node_modules_nextcloud_dialogs_dist_chunks_ConflictPicker_mjs.js?v=aa360c00136bef1078e3 generated SourceMap
<s> [webpack.Progress] 92% sealing asset processing SourceMapDevToolPlugin stackiq-node_modules_nextcloud_dialogs_dist_chunks_FilePicker_mjs.js?v=e4355769314380c37c18 generate SourceMap
<s> [webpack.Progress] 92% sealing asset processing SourceMapDevToolPlugin stackiq-node_modules_nextcloud_dialogs_dist_chunks_FilePicker_mjs.js?v=e4355769314380c37c18 generated SourceMap
<s> [webpack.Progress] 92% sealing asset processing SourceMapDevToolPlugin stackiq-node_modules_nextcloud_dialogs_dist_chunks_PublicAuthPrompt_mjs.js?v=fae501d21c8bb9d5909e generate SourceMap
<s> [webpack.Progress] 92% sealing asset processing SourceMapDevToolPlugin stackiq-node_modules_nextcloud_dialogs_dist_chunks_PublicAuthPrompt_mjs.js?v=fae501d21c8bb9d5909e generated SourceMap
<s> [webpack.Progress] 92% sealing asset processing SourceMapDevToolPlugin stackiq-shared-nc-vue.js generate SourceMap
<s> [webpack.Progress] 92% sealing asset processing SourceMapDevToolPlugin stackiq-shared-nc-vue.js generated SourceMap
<s> [webpack.Progress] 92% sealing asset processing SourceMapDevToolPlugin stackiq-shared-vendor.js generate SourceMap
<s> [webpack.Progress] 92% sealing asset processing SourceMapDevToolPlugin stackiq-shared-vendor.js generated SourceMap
<s> [webpack.Progress] 92% sealing asset processing SourceMapDevToolPlugin resolve sources
<s> [webpack.Progress] 92% sealing asset processing SourceMapDevToolPlugin stackiq-main.js attach SourceMap
<s> [webpack.Progress] 92% sealing asset processing SourceMapDevToolPlugin stackiq-main.js attached SourceMap
<s> [webpack.Progress] 92% sealing asset processing SourceMapDevToolPlugin stackiq-settings.js attach SourceMap
<s> [webpack.Progress] 92% sealing asset processing SourceMapDevToolPlugin stackiq-settings.js attached SourceMap
<s> [webpack.Progress] 92% sealing asset processing SourceMapDevToolPlugin stackiq-conceptOrganisatiesWidget.js attach SourceMap
<s> [webpack.Progress] 92% sealing asset processing SourceMapDevToolPlugin stackiq-conceptOrganisatiesWidget.js attached SourceMap
<s> [webpack.Progress] 92% sealing asset processing SourceMapDevToolPlugin stackiq-runtime.js?v=4e143d313b49c3414187 attach SourceMap
<s> [webpack.Progress] 92% sealing asset processing SourceMapDevToolPlugin stackiq-runtime.js?v=4e143d313b49c3414187 attached SourceMap
<s> [webpack.Progress] 92% sealing asset processing SourceMapDevToolPlugin stackiq-node_modules_date-fns_locale_af_js.js?v=3593d9800cc239ae83ea attach SourceMap
<s> [webpack.Progress] 92% sealing asset processing SourceMapDevToolPlugin stackiq-node_modules_date-fns_locale_af_js.js?v=3593d9800cc239ae83ea attached SourceMap
<s> [webpack.Progress] 92% sealing asset processing SourceMapDevToolPlugin stackiq-node_modules_date-fns_locale_ar-DZ_js.js?v=883f100c59a199e692cb attach SourceMap
<s> [webpack.Progress] 92% sealing asset processing SourceMapDevToolPlugin stackiq-node_modules_date-fns_locale_ar-DZ_js.js?v=883f100c59a199e692cb attached SourceMap
<s> [webpack.Progress] 92% sealing asset processing SourceMapDevToolPlugin stackiq-node_modules_date-fns_locale_ar-EG_js.js?v=cbfc355e48fe3e5bcdf9 attach SourceMap
<s> [webpack.Progress] 92% sealing asset processing SourceMapDevToolPlugin stackiq-node_modules_date-fns_locale_ar-EG_js.js?v=cbfc355e48fe3e5bcdf9 attached SourceMap
<s> [webpack.Progress] 92% sealing asset processing SourceMapDevToolPlugin stackiq-node_modules_date-fns_locale_ar-MA_js.js?v=17343ab3535c791b1790 attach SourceMap
<s> [webpack.Progress] 92% sealing asset processing SourceMapDevToolPlugin stackiq-node_modules_date-fns_locale_ar-MA_js.js?v=17343ab3535c791b1790 attached SourceMap
<s> [webpack.Progress] 92% sealing asset processing SourceMapDevToolPlugin stackiq-node_modules_date-fns_locale_ar-SA_js.js?v=04e9037f996e20009d64 attach SourceMap
<s> [webpack.Progress] 92% sealing asset processing SourceMapDevToolPlugin stackiq-node_modules_date-fns_locale_ar-SA_js.js?v=04e9037f996e20009d64 attached SourceMap
<s> [webpack.Progress] 92% sealing asset processing SourceMapDevToolPlugin stackiq-node_modules_date-fns_locale_ar-TN_js.js?v=ea697392c9301b5d9abe attach SourceMap
<s> [webpack.Progress] 92% sealing asset processing SourceMapDevToolPlugin stackiq-node_modules_date-fns_locale_ar-TN_js.js?v=ea697392c9301b5d9abe attached SourceMap
<s> [webpack.Progress] 92% sealing asset processing SourceMapDevToolPlugin stackiq-node_modules_date-fns_locale_ar_js.js?v=eb1817627739eceb610d attach SourceMap
<s> [webpack.Progress] 92% sealing asset processing SourceMapDevToolPlugin stackiq-node_modules_date-fns_locale_ar_js.js?v=eb1817627739eceb610d attached SourceMap
<s> [webpack.Progress] 92% sealing asset processing SourceMapDevToolPlugin stackiq-node_modules_date-fns_locale_az_js.js?v=85d9ab126f1be898ad8d attach SourceMap
<s> [webpack.Progress] 92% sealing asset processing SourceMapDevToolPlugin stackiq-node_modules_date-fns_locale_az_js.js?v=85d9ab126f1be898ad8d attached SourceMap
<s> [webpack.Progress] 92% sealing asset processing SourceMapDevToolPlugin stackiq-node_modules_date-fns_locale_be-tarask_js.js?v=cf942f2edfabfe9bcad2 attach SourceMap
<s> [webpack.Progress] 92% sealing asset processing SourceMapDevToolPlugin stackiq-node_modules_date-fns_locale_be-tarask_js.js?v=cf942f2edfabfe9bcad2 attached SourceMap
<s> [webpack.Progress] 92% sealing asset processing SourceMapDevToolPlugin stackiq-node_modules_date-fns_locale_be_js.js?v=94b25812a63c1b69b9cc attach SourceMap
<s> [webpack.Progress] 92% sealing asset processing SourceMapDevToolPlugin stackiq-node_modules_date-fns_locale_be_js.js?v=94b25812a63c1b69b9cc attached SourceMap
<s> [webpack.Progress] 92% sealing asset processing SourceMapDevToolPlugin stackiq-node_modules_date-fns_locale_bg_js.js?v=17f2a5580067fd5ed540 attach SourceMap
<s> [webpack.Progress] 92% sealing asset processing SourceMapDevToolPlugin stackiq-node_modules_date-fns_locale_bg_js.js?v=17f2a5580067fd5ed540 attached SourceMap
<s> [webpack.Progress] 92% sealing asset processing SourceMapDevToolPlugin stackiq-node_modules_date-fns_locale_bn_js.js?v=b719f058d5c280567a56 attach SourceMap
<s> [webpack.Progress] 92% sealing asset processing SourceMapDevToolPlugin stackiq-node_modules_date-fns_locale_bn_js.js?v=b719f058d5c280567a56 attached SourceMap
<s> [webpack.Progress] 92% sealing asset processing SourceMapDevToolPlugin stackiq-node_modules_date-fns_locale_bs_js.js?v=42f9cdfda5bec030100c attach SourceMap
<s> [webpack.Progress] 92% sealing asset processing SourceMapDevToolPlugin stackiq-node_modules_date-fns_locale_bs_js.js?v=42f9cdfda5bec030100c attached SourceMap
<s> [webpack.Progress] 92% sealing asset processing SourceMapDevToolPlugin stackiq-node_modules_date-fns_locale_ca_js.js?v=53465a3c2927c675550b attach SourceMap
<s> [webpack.Progress] 92% sealing asset processing SourceMapDevToolPlugin stackiq-node_modules_date-fns_locale_ca_js.js?v=53465a3c2927c675550b attached SourceMap
<s> [webpack.Progress] 92% sealing asset processing SourceMapDevToolPlugin stackiq-node_modules_date-fns_locale_ckb_js.js?v=081401c215348bd5c2c1 attach SourceMap
<s> [webpack.Progress] 92% sealing asset processing SourceMapDevToolPlugin stackiq-node_modules_date-fns_locale_ckb_js.js?v=081401c215348bd5c2c1 attached SourceMap
<s> [webpack.Progress] 92% sealing asset processing SourceMapDevToolPlugin stackiq-node_modules_date-fns_locale_cs_js.js?v=ba3caf51879830e3e676 attach SourceMap
<s> [webpack.Progress] 92% sealing asset processing SourceMapDevToolPlugin stackiq-node_modules_date-fns_locale_cs_js.js?v=ba3caf51879830e3e676 attached SourceMap
<s> [webpack.Progress] 92% sealing asset processing SourceMapDevToolPlugin stackiq-node_modules_date-fns_locale_cy_js.js?v=ca960853e4ab145abfd2 attach SourceMap
<s> [webpack.Progress] 92% sealing asset processing SourceMapDevToolPlugin stackiq-node_modules_date-fns_locale_cy_js.js?v=ca960853e4ab145abfd2 attached SourceMap
<s> [webpack.Progress] 92% sealing asset processing SourceMapDevToolPlugin stackiq-node_modules_date-fns_locale_da_js.js?v=3cdbbd023322ff9881b4 attach SourceMap
<s> [webpack.Progress] 92% sealing asset processing SourceMapDevToolPlugin stackiq-node_modules_date-fns_locale_da_js.js?v=3cdbbd023322ff9881b4 attached SourceMap
<s> [webpack.Progress] 92% sealing asset processing SourceMapDevToolPlugin stackiq-node_modules_date-fns_locale_de-AT_js.js?v=2258677702185dd6cd63 attach SourceMap
<s> [webpack.Progress] 92% sealing asset processing SourceMapDevToolPlugin stackiq-node_modules_date-fns_locale_de-AT_js.js?v=2258677702185dd6cd63 attached SourceMap
<s> [webpack.Progress] 92% sealing asset processing SourceMapDevToolPlugin stackiq-node_modules_date-fns_locale_de_js.js?v=40eff802baa55ec5e6a7 attach SourceMap
<s> [webpack.Progress] 92% sealing asset processing SourceMapDevToolPlugin stackiq-node_modules_date-fns_locale_de_js.js?v=40eff802baa55ec5e6a7 attached SourceMap
<s> [webpack.Progress] 92% sealing asset processing SourceMapDevToolPlugin stackiq-node_modules_date-fns_locale_el_js.js?v=b48121f032531471202e attach SourceMap
<s> [webpack.Progress] 92% sealing asset processing SourceMapDevToolPlugin stackiq-node_modules_date-fns_locale_el_js.js?v=b48121f032531471202e attached SourceMap
<s> [webpack.Progress] 92% sealing asset processing SourceMapDevToolPlugin stackiq-node_modules_date-fns_locale_en-AU_js.js?v=b6aa645929e99d7255f1 attach SourceMap
<s> [webpack.Progress] 92% sealing asset processing SourceMapDevToolPlugin stackiq-node_modules_date-fns_locale_en-AU_js.js?v=b6aa645929e99d7255f1 attached SourceMap
<s> [webpack.Progress] 92% sealing asset processing SourceMapDevToolPlugin stackiq-node_modules_date-fns_locale_en-CA_js.js?v=21d37f64911b38a1c7ec attach SourceMap
<s> [webpack.Progress] 92% sealing asset processing SourceMapDevToolPlugin stackiq-node_modules_date-fns_locale_en-CA_js.js?v=21d37f64911b38a1c7ec attached SourceMap
<s> [webpack.Progress] 92% sealing asset processing SourceMapDevToolPlugin stackiq-node_modules_date-fns_locale_en-GB_js.js?v=fb5b57934162264c5cdc attach SourceMap
<s> [webpack.Progress] 92% sealing asset processing SourceMapDevToolPlugin stackiq-node_modules_date-fns_locale_en-GB_js.js?v=fb5b57934162264c5cdc attached SourceMap
<s> [webpack.Progress] 92% sealing asset processing SourceMapDevToolPlugin stackiq-node_modules_date-fns_locale_en-IE_js.js?v=ef569bf59701c6941bd6 attach SourceMap
<s> [webpack.Progress] 92% sealing asset processing SourceMapDevToolPlugin stackiq-node_modules_date-fns_locale_en-IE_js.js?v=ef569bf59701c6941bd6 attached SourceMap
<s> [webpack.Progress] 92% sealing asset processing SourceMapDevToolPlugin stackiq-node_modules_date-fns_locale_en-IN_js.js?v=b8a9e0356a0852cd510c attach SourceMap
<s> [webpack.Progress] 92% sealing asset processing SourceMapDevToolPlugin stackiq-node_modules_date-fns_locale_en-IN_js.js?v=b8a9e0356a0852cd510c attached SourceMap
<s> [webpack.Progress] 92% sealing asset processing SourceMapDevToolPlugin stackiq-node_modules_date-fns_locale_en-NZ_js.js?v=5e8cafce275131480900 attach SourceMap
<s> [webpack.Progress] 92% sealing asset processing SourceMapDevToolPlugin stackiq-node_modules_date-fns_locale_en-NZ_js.js?v=5e8cafce275131480900 attached SourceMap
<s> [webpack.Progress] 92% sealing asset processing SourceMapDevToolPlugin stackiq-node_modules_date-fns_locale_en-ZA_js.js?v=34a5507afd9363259301 attach SourceMap
<s> [webpack.Progress] 92% sealing asset processing SourceMapDevToolPlugin stackiq-node_modules_date-fns_locale_en-ZA_js.js?v=34a5507afd9363259301 attached SourceMap
<s> [webpack.Progress] 92% sealing asset processing SourceMapDevToolPlugin stackiq-node_modules_date-fns_locale_eo_js.js?v=8779fa76b367353a6c64 attach SourceMap
<s> [webpack.Progress] 92% sealing asset processing SourceMapDevToolPlugin stackiq-node_modules_date-fns_locale_eo_js.js?v=8779fa76b367353a6c64 attached SourceMap
<s> [webpack.Progress] 92% sealing asset processing SourceMapDevToolPlugin stackiq-node_modules_date-fns_locale_es_js.js?v=58918dafb9871e7a7201 attach SourceMap
<s> [webpack.Progress] 92% sealing asset processing SourceMapDevToolPlugin stackiq-node_modules_date-fns_locale_es_js.js?v=58918dafb9871e7a7201 attached SourceMap
<s> [webpack.Progress] 92% sealing asset processing SourceMapDevToolPlugin stackiq-node_modules_date-fns_locale_et_js.js?v=5059a275093f22a2f709 attach SourceMap
<s> [webpack.Progress] 92% sealing asset processing SourceMapDevToolPlugin stackiq-node_modules_date-fns_locale_et_js.js?v=5059a275093f22a2f709 attached SourceMap
<s> [webpack.Progress] 92% sealing asset processing SourceMapDevToolPlugin stackiq-node_modules_date-fns_locale_eu_js.js?v=245ff3119c322339abb6 attach SourceMap
<s> [webpack.Progress] 92% sealing asset processing SourceMapDevToolPlugin stackiq-node_modules_date-fns_locale_eu_js.js?v=245ff3119c322339abb6 attached SourceMap
<s> [webpack.Progress] 92% sealing asset processing SourceMapDevToolPlugin stackiq-node_modules_date-fns_locale_fa-IR_js.js?v=782a3940f1ae45587565 attach SourceMap
<s> [webpack.Progress] 92% sealing asset processing SourceMapDevToolPlugin stackiq-node_modules_date-fns_locale_fa-IR_js.js?v=782a3940f1ae45587565 attached SourceMap
<s> [webpack.Progress] 92% sealing asset processing SourceMapDevToolPlugin stackiq-node_modules_date-fns_locale_fi_js.js?v=c9820b8d6075e15a8a9b attach SourceMap
<s> [webpack.Progress] 92% sealing asset processing SourceMapDevToolPlugin stackiq-node_modules_date-fns_locale_fi_js.js?v=c9820b8d6075e15a8a9b attached SourceMap
<s> [webpack.Progress] 92% sealing asset processing SourceMapDevToolPlugin stackiq-node_modules_date-fns_locale_fr-CA_js.js?v=46c120c36b03b969ed29 attach SourceMap
<s> [webpack.Progress] 92% sealing asset processing SourceMapDevToolPlugin stackiq-node_modules_date-fns_locale_fr-CA_js.js?v=46c120c36b03b969ed29 attached SourceMap
<s> [webpack.Progress] 92% sealing asset processing SourceMapDevToolPlugin stackiq-node_modules_date-fns_locale_fr-CH_js.js?v=08e8a5d441dc2b09aa26 attach SourceMap
<s> [webpack.Progress] 92% sealing asset processing SourceMapDevToolPlugin stackiq-node_modules_date-fns_locale_fr-CH_js.js?v=08e8a5d441dc2b09aa26 attached SourceMap
<s> [webpack.Progress] 92% sealing asset processing SourceMapDevToolPlugin stackiq-node_modules_date-fns_locale_fr_js.js?v=65461cd2cda5fee2a5df attach SourceMap
<s> [webpack.Progress] 92% sealing asset processing SourceMapDevToolPlugin stackiq-node_modules_date-fns_locale_fr_js.js?v=65461cd2cda5fee2a5df attached SourceMap
<s> [webpack.Progress] 92% sealing asset processing SourceMapDevToolPlugin stackiq-node_modules_date-fns_locale_fy_js.js?v=b50ad118ac63c809ed01 attach SourceMap
<s> [webpack.Progress] 92% sealing asset processing SourceMapDevToolPlugin stackiq-node_modules_date-fns_locale_fy_js.js?v=b50ad118ac63c809ed01 attached SourceMap
<s> [webpack.Progress] 92% sealing asset processing SourceMapDevToolPlugin stackiq-node_modules_date-fns_locale_gd_js.js?v=ab7eee3fd4a6e2315070 attach SourceMap
<s> [webpack.Progress] 92% sealing asset processing SourceMapDevToolPlugin stackiq-node_modules_date-fns_locale_gd_js.js?v=ab7eee3fd4a6e2315070 attached SourceMap
<s> [webpack.Progress] 92% sealing asset processing SourceMapDevToolPlugin stackiq-node_modules_date-fns_locale_gl_js.js?v=4d6229be8ef33f9df279 attach SourceMap
<s> [webpack.Progress] 92% sealing asset processing SourceMapDevToolPlugin stackiq-node_modules_date-fns_locale_gl_js.js?v=4d6229be8ef33f9df279 attached SourceMap
<s> [webpack.Progress] 92% sealing asset processing SourceMapDevToolPlugin stackiq-node_modules_date-fns_locale_gu_js.js?v=da7197d93c4a73089eb5 attach SourceMap
<s> [webpack.Progress] 92% sealing asset processing SourceMapDevToolPlugin stackiq-node_modules_date-fns_locale_gu_js.js?v=da7197d93c4a73089eb5 attached SourceMap
<s> [webpack.Progress] 92% sealing asset processing SourceMapDevToolPlugin stackiq-node_modules_date-fns_locale_he_js.js?v=fd18a66c0411ad3f8258 attach SourceMap
<s> [webpack.Progress] 92% sealing asset processing SourceMapDevToolPlugin stackiq-node_modules_date-fns_locale_he_js.js?v=fd18a66c0411ad3f8258 attached SourceMap
<s> [webpack.Progress] 92% sealing asset processing SourceMapDevToolPlugin stackiq-node_modules_date-fns_locale_hi_js.js?v=b8a97a8e136ca83775f4 attach SourceMap
<s> [webpack.Progress] 92% sealing asset processing SourceMapDevToolPlugin stackiq-node_modules_date-fns_locale_hi_js.js?v=b8a97a8e136ca83775f4 attached SourceMap
<s> [webpack.Progress] 92% sealing asset processing SourceMapDevToolPlugin stackiq-node_modules_date-fns_locale_hr_js.js?v=51d6887de14f83b6fe9e attach SourceMap
<s> [webpack.Progress] 92% sealing asset processing SourceMapDevToolPlugin stackiq-node_modules_date-fns_locale_hr_js.js?v=51d6887de14f83b6fe9e attached SourceMap
<s> [webpack.Progress] 92% sealing asset processing SourceMapDevToolPlugin stackiq-node_modules_date-fns_locale_ht_js.js?v=0b85ad4e69c5f8fefc89 attach SourceMap
<s> [webpack.Progress] 92% sealing asset processing SourceMapDevToolPlugin stackiq-node_modules_date-fns_locale_ht_js.js?v=0b85ad4e69c5f8fefc89 attached SourceMap
<s> [webpack.Progress] 92% sealing asset processing SourceMapDevToolPlugin stackiq-node_modules_date-fns_locale_hu_js.js?v=d178c26e60899e419abc attach SourceMap
<s> [webpack.Progress] 92% sealing asset processing SourceMapDevToolPlugin stackiq-node_modules_date-fns_locale_hu_js.js?v=d178c26e60899e419abc attached SourceMap
<s> [webpack.Progress] 92% sealing asset processing SourceMapDevToolPlugin stackiq-node_modules_date-fns_locale_hy_js.js?v=683704bbe82d31479ed9 attach SourceMap
<s> [webpack.Progress] 92% sealing asset processing SourceMapDevToolPlugin stackiq-node_modules_date-fns_locale_hy_js.js?v=683704bbe82d31479ed9 attached SourceMap
<s> [webpack.Progress] 92% sealing asset processing SourceMapDevToolPlugin stackiq-node_modules_date-fns_locale_id_js.js?v=71203fce1bc11d627647 attach SourceMap
<s> [webpack.Progress] 92% sealing asset processing SourceMapDevToolPlugin stackiq-node_modules_date-fns_locale_id_js.js?v=71203fce1bc11d627647 attached SourceMap
<s> [webpack.Progress] 92% sealing asset processing SourceMapDevToolPlugin stackiq-node_modules_date-fns_locale_is_js.js?v=25e2cd315eb886365bfc attach SourceMap
<s> [webpack.Progress] 92% sealing asset processing SourceMapDevToolPlugin stackiq-node_modules_date-fns_locale_is_js.js?v=25e2cd315eb886365bfc attached SourceMap
<s> [webpack.Progress] 92% sealing asset processing SourceMapDevToolPlugin stackiq-node_modules_date-fns_locale_it-CH_js.js?v=a318239376a80a2ee0ce attach SourceMap
<s> [webpack.Progress] 92% sealing asset processing SourceMapDevToolPlugin stackiq-node_modules_date-fns_locale_it-CH_js.js?v=a318239376a80a2ee0ce attached SourceMap
<s> [webpack.Progress] 92% sealing asset processing SourceMapDevToolPlugin stackiq-node_modules_date-fns_locale_it_js.js?v=9f6d81821fe45238a656 attach SourceMap
<s> [webpack.Progress] 92% sealing asset processing SourceMapDevToolPlugin stackiq-node_modules_date-fns_locale_it_js.js?v=9f6d81821fe45238a656 attached SourceMap
<s> [webpack.Progress] 92% sealing asset processing SourceMapDevToolPlugin stackiq-node_modules_date-fns_locale_ja-Hira_js.js?v=551ae6f7b74924167baa attach SourceMap
<s> [webpack.Progress] 92% sealing asset processing SourceMapDevToolPlugin stackiq-node_modules_date-fns_locale_ja-Hira_js.js?v=551ae6f7b74924167baa attached SourceMap
<s> [webpack.Progress] 92% sealing asset processing SourceMapDevToolPlugin stackiq-node_modules_date-fns_locale_ja_js.js?v=90bf898ec22d3919d69e attach SourceMap
<s> [webpack.Progress] 92% sealing asset processing SourceMapDevToolPlugin stackiq-node_modules_date-fns_locale_ja_js.js?v=90bf898ec22d3919d69e attached SourceMap
<s> [webpack.Progress] 92% sealing asset processing SourceMapDevToolPlugin stackiq-node_modules_date-fns_locale_ka_js.js?v=eaec5e467880de0ac179 attach SourceMap
<s> [webpack.Progress] 92% sealing asset processing SourceMapDevToolPlugin stackiq-node_modules_date-fns_locale_ka_js.js?v=eaec5e467880de0ac179 attached SourceMap
<s> [webpack.Progress] 92% sealing asset processing SourceMapDevToolPlugin stackiq-node_modules_date-fns_locale_kk_js.js?v=fa1e8ddd89cb06c9cd0e attach SourceMap
<s> [webpack.Progress] 92% sealing asset processing SourceMapDevToolPlugin stackiq-node_modules_date-fns_locale_kk_js.js?v=fa1e8ddd89cb06c9cd0e attached SourceMap
<s> [webpack.Progress] 92% sealing asset processing SourceMapDevToolPlugin stackiq-node_modules_date-fns_locale_km_js.js?v=f30f12ed95cb379201b9 attach SourceMap
<s> [webpack.Progress] 92% sealing asset processing SourceMapDevToolPlugin stackiq-node_modules_date-fns_locale_km_js.js?v=f30f12ed95cb379201b9 attached SourceMap
<s> [webpack.Progress] 92% sealing asset processing SourceMapDevToolPlugin stackiq-node_modules_date-fns_locale_kn_js.js?v=81ff08f976e1b79b3de5 attach SourceMap
<s> [webpack.Progress] 92% sealing asset processing SourceMapDevToolPlugin stackiq-node_modules_date-fns_locale_kn_js.js?v=81ff08f976e1b79b3de5 attached SourceMap
<s> [webpack.Progress] 92% sealing asset processing SourceMapDevToolPlugin stackiq-node_modules_date-fns_locale_ko_js.js?v=3acbae3b6ff72ee59a09 attach SourceMap
<s> [webpack.Progress] 92% sealing asset processing SourceMapDevToolPlugin stackiq-node_modules_date-fns_locale_ko_js.js?v=3acbae3b6ff72ee59a09 attached SourceMap
<s> [webpack.Progress] 92% sealing asset processing SourceMapDevToolPlugin stackiq-node_modules_date-fns_locale_lb_js.js?v=b2128e8dede6c0bfd9dc attach SourceMap
<s> [webpack.Progress] 92% sealing asset processing SourceMapDevToolPlugin stackiq-node_modules_date-fns_locale_lb_js.js?v=b2128e8dede6c0bfd9dc attached SourceMap
<s> [webpack.Progress] 92% sealing asset processing SourceMapDevToolPlugin stackiq-node_modules_date-fns_locale_lt_js.js?v=e8e1ccae049972504993 attach SourceMap
<s> [webpack.Progress] 92% sealing asset processing SourceMapDevToolPlugin stackiq-node_modules_date-fns_locale_lt_js.js?v=e8e1ccae049972504993 attached SourceMap
<s> [webpack.Progress] 92% sealing asset processing SourceMapDevToolPlugin stackiq-node_modules_date-fns_locale_lv_js.js?v=baa2269591526fb1be1a attach SourceMap
<s> [webpack.Progress] 92% sealing asset processing SourceMapDevToolPlugin stackiq-node_modules_date-fns_locale_lv_js.js?v=baa2269591526fb1be1a attached SourceMap
<s> [webpack.Progress] 92% sealing asset processing SourceMapDevToolPlugin stackiq-node_modules_date-fns_locale_mk_js.js?v=7f3fd7b289f02d0aab5d attach SourceMap
<s> [webpack.Progress] 92% sealing asset processing SourceMapDevToolPlugin stackiq-node_modules_date-fns_locale_mk_js.js?v=7f3fd7b289f02d0aab5d attached SourceMap
<s> [webpack.Progress] 92% sealing asset processing SourceMapDevToolPlugin stackiq-node_modules_date-fns_locale_mn_js.js?v=7da698a9a2017a804679 attach SourceMap
<s> [webpack.Progress] 92% sealing asset processing SourceMapDevToolPlugin stackiq-node_modules_date-fns_locale_mn_js.js?v=7da698a9a2017a804679 attached SourceMap
<s> [webpack.Progress] 92% sealing asset processing SourceMapDevToolPlugin stackiq-node_modules_date-fns_locale_ms_js.js?v=92fbabe4ab9b3f10ea51 attach SourceMap
<s> [webpack.Progress] 92% sealing asset processing SourceMapDevToolPlugin stackiq-node_modules_date-fns_locale_ms_js.js?v=92fbabe4ab9b3f10ea51 attached SourceMap
<s> [webpack.Progress] 92% sealing asset processing SourceMapDevToolPlugin stackiq-node_modules_date-fns_locale_mt_js.js?v=10c1403ea3bb011aa920 attach SourceMap
<s> [webpack.Progress] 92% sealing asset processing SourceMapDevToolPlugin stackiq-node_modules_date-fns_locale_mt_js.js?v=10c1403ea3bb011aa920 attached SourceMap
<s> [webpack.Progress] 92% sealing asset processing SourceMapDevToolPlugin stackiq-node_modules_date-fns_locale_nb_js.js?v=d529d72e0a76d246f506 attach SourceMap
<s> [webpack.Progress] 92% sealing asset processing SourceMapDevToolPlugin stackiq-node_modules_date-fns_locale_nb_js.js?v=d529d72e0a76d246f506 attached SourceMap
<s> [webpack.Progress] 92% sealing asset processing SourceMapDevToolPlugin stackiq-node_modules_date-fns_locale_nl-BE_js.js?v=90528b3c459130211725 attach SourceMap
<s> [webpack.Progress] 92% sealing asset processing SourceMapDevToolPlugin stackiq-node_modules_date-fns_locale_nl-BE_js.js?v=90528b3c459130211725 attached SourceMap
<s> [webpack.Progress] 92% sealing asset processing SourceMapDevToolPlugin stackiq-node_modules_date-fns_locale_nl_js.js?v=78d9b0275645b769bab5 attach SourceMap
<s> [webpack.Progress] 92% sealing asset processing SourceMapDevToolPlugin stackiq-node_modules_date-fns_locale_nl_js.js?v=78d9b0275645b769bab5 attached SourceMap
<s> [webpack.Progress] 92% sealing asset processing SourceMapDevToolPlugin stackiq-node_modules_date-fns_locale_nn_js.js?v=9cab23872dbbefeabdb3 attach SourceMap
<s> [webpack.Progress] 92% sealing asset processing SourceMapDevToolPlugin stackiq-node_modules_date-fns_locale_nn_js.js?v=9cab23872dbbefeabdb3 attached SourceMap
<s> [webpack.Progress] 92% sealing asset processing SourceMapDevToolPlugin stackiq-node_modules_date-fns_locale_oc_js.js?v=5c780a82b662e25c4619 attach SourceMap
<s> [webpack.Progress] 92% sealing asset processing SourceMapDevToolPlugin stackiq-node_modules_date-fns_locale_oc_js.js?v=5c780a82b662e25c4619 attached SourceMap
<s> [webpack.Progress] 92% sealing asset processing SourceMapDevToolPlugin stackiq-node_modules_date-fns_locale_pl_js.js?v=46be404a2a62af811931 attach SourceMap
<s> [webpack.Progress] 92% sealing asset processing SourceMapDevToolPlugin stackiq-node_modules_date-fns_locale_pl_js.js?v=46be404a2a62af811931 attached SourceMap
<s> [webpack.Progress] 92% sealing asset processing SourceMapDevToolPlugin stackiq-node_modules_date-fns_locale_pt-BR_js.js?v=4287eb6fe9e5aff5422d attach SourceMap
<s> [webpack.Progress] 92% sealing asset processing SourceMapDevToolPlugin stackiq-node_modules_date-fns_locale_pt-BR_js.js?v=4287eb6fe9e5aff5422d attached SourceMap
<s> [webpack.Progress] 92% sealing asset processing SourceMapDevToolPlugin stackiq-node_modules_date-fns_locale_pt_js.js?v=f4f06757ebbb75272814 attach SourceMap
<s> [webpack.Progress] 92% sealing asset processing SourceMapDevToolPlugin stackiq-node_modules_date-fns_locale_pt_js.js?v=f4f06757ebbb75272814 attached SourceMap
<s> [webpack.Progress] 92% sealing asset processing SourceMapDevToolPlugin stackiq-node_modules_date-fns_locale_ro_js.js?v=3c350e621f2baecf7c6c attach SourceMap
<s> [webpack.Progress] 92% sealing asset processing SourceMapDevToolPlugin stackiq-node_modules_date-fns_locale_ro_js.js?v=3c350e621f2baecf7c6c attached SourceMap
<s> [webpack.Progress] 92% sealing asset processing SourceMapDevToolPlugin stackiq-node_modules_date-fns_locale_ru_js.js?v=999d34c0cd75ff816b4e attach SourceMap
<s> [webpack.Progress] 92% sealing asset processing SourceMapDevToolPlugin stackiq-node_modules_date-fns_locale_ru_js.js?v=999d34c0cd75ff816b4e attached SourceMap
<s> [webpack.Progress] 92% sealing asset processing SourceMapDevToolPlugin stackiq-node_modules_date-fns_locale_se_js.js?v=1b76d688b4395c9097d7 attach SourceMap
<s> [webpack.Progress] 92% sealing asset processing SourceMapDevToolPlugin stackiq-node_modules_date-fns_locale_se_js.js?v=1b76d688b4395c9097d7 attached SourceMap
<s> [webpack.Progress] 92% sealing asset processing SourceMapDevToolPlugin stackiq-node_modules_date-fns_locale_sk_js.js?v=ccf8d3c4302f4d1d11d2 attach SourceMap
<s> [webpack.Progress] 92% sealing asset processing SourceMapDevToolPlugin stackiq-node_modules_date-fns_locale_sk_js.js?v=ccf8d3c4302f4d1d11d2 attached SourceMap
<s> [webpack.Progress] 92% sealing asset processing SourceMapDevToolPlugin stackiq-node_modules_date-fns_locale_sl_js.js?v=940791b4b57eb5080857 attach SourceMap
<s> [webpack.Progress] 92% sealing asset processing SourceMapDevToolPlugin stackiq-node_modules_date-fns_locale_sl_js.js?v=940791b4b57eb5080857 attached SourceMap
<s> [webpack.Progress] 92% sealing asset processing SourceMapDevToolPlugin stackiq-node_modules_date-fns_locale_sq_js.js?v=46f808c1959929692e0b attach SourceMap
<s> [webpack.Progress] 92% sealing asset processing SourceMapDevToolPlugin stackiq-node_modules_date-fns_locale_sq_js.js?v=46f808c1959929692e0b attached SourceMap
<s> [webpack.Progress] 92% sealing asset processing SourceMapDevToolPlugin stackiq-node_modules_date-fns_locale_sr-Latn_js.js?v=a561631c435b40829970 attach SourceMap
<s> [webpack.Progress] 92% sealing asset processing SourceMapDevToolPlugin stackiq-node_modules_date-fns_locale_sr-Latn_js.js?v=a561631c435b40829970 attached SourceMap
<s> [webpack.Progress] 92% sealing asset processing SourceMapDevToolPlugin stackiq-node_modules_date-fns_locale_sr_js.js?v=3ed1c36526a432137ee7 attach SourceMap
<s> [webpack.Progress] 92% sealing asset processing SourceMapDevToolPlugin stackiq-node_modules_date-fns_locale_sr_js.js?v=3ed1c36526a432137ee7 attached SourceMap
<s> [webpack.Progress] 92% sealing asset processing SourceMapDevToolPlugin stackiq-node_modules_date-fns_locale_sv_js.js?v=94f37e60b10328db08fe attach SourceMap
<s> [webpack.Progress] 92% sealing asset processing SourceMapDevToolPlugin stackiq-node_modules_date-fns_locale_sv_js.js?v=94f37e60b10328db08fe attached SourceMap
<s> [webpack.Progress] 92% sealing asset processing SourceMapDevToolPlugin stackiq-node_modules_date-fns_locale_ta_js.js?v=f38782a5041da74d39fc attach SourceMap
<s> [webpack.Progress] 92% sealing asset processing SourceMapDevToolPlugin stackiq-node_modules_date-fns_locale_ta_js.js?v=f38782a5041da74d39fc attached SourceMap
<s> [webpack.Progress] 92% sealing asset processing SourceMapDevToolPlugin stackiq-node_modules_date-fns_locale_te_js.js?v=c8545bf18f2e85fa7180 attach SourceMap
<s> [webpack.Progress] 92% sealing asset processing SourceMapDevToolPlugin stackiq-node_modules_date-fns_locale_te_js.js?v=c8545bf18f2e85fa7180 attached SourceMap
<s> [webpack.Progress] 92% sealing asset processing SourceMapDevToolPlugin stackiq-node_modules_date-fns_locale_th_js.js?v=b7bcc5881ba1fc2a4e63 attach SourceMap
<s> [webpack.Progress] 92% sealing asset processing SourceMapDevToolPlugin stackiq-node_modules_date-fns_locale_th_js.js?v=b7bcc5881ba1fc2a4e63 attached SourceMap
<s> [webpack.Progress] 92% sealing asset processing SourceMapDevToolPlugin stackiq-node_modules_date-fns_locale_tr_js.js?v=9eb5aabf6f2a8023e1ef attach SourceMap
<s> [webpack.Progress] 92% sealing asset processing SourceMapDevToolPlugin stackiq-node_modules_date-fns_locale_tr_js.js?v=9eb5aabf6f2a8023e1ef attached SourceMap
<s> [webpack.Progress] 92% sealing asset processing SourceMapDevToolPlugin stackiq-node_modules_date-fns_locale_ug_js.js?v=4ab5cbbf8e9fd9e17aa4 attach SourceMap
<s> [webpack.Progress] 92% sealing asset processing SourceMapDevToolPlugin stackiq-node_modules_date-fns_locale_ug_js.js?v=4ab5cbbf8e9fd9e17aa4 attached SourceMap
<s> [webpack.Progress] 92% sealing asset processing SourceMapDevToolPlugin stackiq-node_modules_date-fns_locale_uk_js.js?v=fe6cbc49390ec43f7f2c attach SourceMap
<s> [webpack.Progress] 92% sealing asset processing SourceMapDevToolPlugin stackiq-node_modules_date-fns_locale_uk_js.js?v=fe6cbc49390ec43f7f2c attached SourceMap
<s> [webpack.Progress] 92% sealing asset processing SourceMapDevToolPlugin stackiq-node_modules_date-fns_locale_uz-Cyrl_js.js?v=d421af3daff8f8b0b5f2 attach SourceMap
<s> [webpack.Progress] 92% sealing asset processing SourceMapDevToolPlugin stackiq-node_modules_date-fns_locale_uz-Cyrl_js.js?v=d421af3daff8f8b0b5f2 attached SourceMap
<s> [webpack.Progress] 92% sealing asset processing SourceMapDevToolPlugin stackiq-node_modules_date-fns_locale_uz_js.js?v=ee90b6b455dd98d3cd40 attach SourceMap
<s> [webpack.Progress] 92% sealing asset processing SourceMapDevToolPlugin stackiq-node_modules_date-fns_locale_uz_js.js?v=ee90b6b455dd98d3cd40 attached SourceMap
<s> [webpack.Progress] 92% sealing asset processing SourceMapDevToolPlugin stackiq-node_modules_date-fns_locale_vi_js.js?v=d4ced9860cd5ca00d51e attach SourceMap
<s> [webpack.Progress] 92% sealing asset processing SourceMapDevToolPlugin stackiq-node_modules_date-fns_locale_vi_js.js?v=d4ced9860cd5ca00d51e attached SourceMap
<s> [webpack.Progress] 92% sealing asset processing SourceMapDevToolPlugin stackiq-node_modules_date-fns_locale_zh-CN_js.js?v=172ed36cf9037b53f790 attach SourceMap
<s> [webpack.Progress] 92% sealing asset processing SourceMapDevToolPlugin stackiq-node_modules_date-fns_locale_zh-CN_js.js?v=172ed36cf9037b53f790 attached SourceMap
<s> [webpack.Progress] 92% sealing asset processing SourceMapDevToolPlugin stackiq-node_modules_date-fns_locale_zh-HK_js.js?v=cc2af9ee3d69c79fd65f attach SourceMap
<s> [webpack.Progress] 92% sealing asset processing SourceMapDevToolPlugin stackiq-node_modules_date-fns_locale_zh-HK_js.js?v=cc2af9ee3d69c79fd65f attached SourceMap
<s> [webpack.Progress] 92% sealing asset processing SourceMapDevToolPlugin stackiq-node_modules_date-fns_locale_zh-TW_js.js?v=693b18dec2b14f9dc23d attach SourceMap
<s> [webpack.Progress] 92% sealing asset processing SourceMapDevToolPlugin stackiq-node_modules_date-fns_locale_zh-TW_js.js?v=693b18dec2b14f9dc23d attached SourceMap
<s> [webpack.Progress] 92% sealing asset processing SourceMapDevToolPlugin stackiq-node_modules_rehype-highlight_index_js.js?v=13c2de7f60b2264a9495 attach SourceMap
<s> [webpack.Progress] 92% sealing asset processing SourceMapDevToolPlugin stackiq-node_modules_rehype-highlight_index_js.js?v=13c2de7f60b2264a9495 attached SourceMap
<s> [webpack.Progress] 92% sealing asset processing SourceMapDevToolPlugin stackiq-node_modules_nextcloud_files_dist_index_mjs-_da900.js?v=b541db5438f52673ff15 attach SourceMap
<s> [webpack.Progress] 92% sealing asset processing SourceMapDevToolPlugin stackiq-node_modules_nextcloud_files_dist_index_mjs-_da900.js?v=b541db5438f52673ff15 attached SourceMap
<s> [webpack.Progress] 92% sealing asset processing SourceMapDevToolPlugin stackiq-node_modules_nextcloud_files_dist_dav_mjs-node_modules_nextcloud_files_dist_index_mjs-node_mo-c833a5.js?v=4a2d5604930f4153f2f6 attach SourceMap
<s> [webpack.Progress] 92% sealing asset processing SourceMapDevToolPlugin stackiq-node_modules_nextcloud_files_dist_dav_mjs-node_modules_nextcloud_files_dist_index_mjs-node_mo-c833a5.js?v=4a2d5604930f4153f2f6 attached SourceMap
<s> [webpack.Progress] 92% sealing asset processing SourceMapDevToolPlugin stackiq-node_modules_nextcloud_files_dist_index_mjs-_da901.js?v=de4b3b8c45e69483f25b attach SourceMap
<s> [webpack.Progress] 92% sealing asset processing SourceMapDevToolPlugin stackiq-node_modules_nextcloud_files_dist_index_mjs-_da901.js?v=de4b3b8c45e69483f25b attached SourceMap
<s> [webpack.Progress] 92% sealing asset processing SourceMapDevToolPlugin stackiq-node_modules_nextcloud_paths_dist_index_mjs.js?v=a858cb782ef4001e7747 attach SourceMap
<s> [webpack.Progress] 92% sealing asset processing SourceMapDevToolPlugin stackiq-node_modules_nextcloud_paths_dist_index_mjs.js?v=a858cb782ef4001e7747 attached SourceMap
<s> [webpack.Progress] 92% sealing asset processing SourceMapDevToolPlugin stackiq-node_modules_nextcloud_dialogs_dist_chunks_ConflictPicker_mjs.js?v=aa360c00136bef1078e3 attach SourceMap
<s> [webpack.Progress] 92% sealing asset processing SourceMapDevToolPlugin stackiq-node_modules_nextcloud_dialogs_dist_chunks_ConflictPicker_mjs.js?v=aa360c00136bef1078e3 attached SourceMap
<s> [webpack.Progress] 92% sealing asset processing SourceMapDevToolPlugin stackiq-node_modules_nextcloud_dialogs_dist_chunks_FilePicker_mjs.js?v=e4355769314380c37c18 attach SourceMap
<s> [webpack.Progress] 92% sealing asset processing SourceMapDevToolPlugin stackiq-node_modules_nextcloud_dialogs_dist_chunks_FilePicker_mjs.js?v=e4355769314380c37c18 attached SourceMap
<s> [webpack.Progress] 92% sealing asset processing SourceMapDevToolPlugin stackiq-node_modules_nextcloud_dialogs_dist_chunks_PublicAuthPrompt_mjs.js?v=fae501d21c8bb9d5909e attach SourceMap
<s> [webpack.Progress] 92% sealing asset processing SourceMapDevToolPlugin stackiq-node_modules_nextcloud_dialogs_dist_chunks_PublicAuthPrompt_mjs.js?v=fae501d21c8bb9d5909e attached SourceMap
<s> [webpack.Progress] 92% sealing asset processing SourceMapDevToolPlugin stackiq-shared-nc-vue.js attach SourceMap
<s> [webpack.Progress] 92% sealing asset processing SourceMapDevToolPlugin stackiq-shared-nc-vue.js attached SourceMap
<s> [webpack.Progress] 92% sealing asset processing SourceMapDevToolPlugin stackiq-shared-vendor.js attach SourceMap
<s> [webpack.Progress] 92% sealing asset processing SourceMapDevToolPlugin stackiq-shared-vendor.js attached SourceMap
<s> [webpack.Progress] 92% sealing asset processing SourceMapDevToolPlugin
<s> [webpack.Progress] 92% sealing asset processing SourceMapDevToolPlugin
<s> [webpack.Progress] 92% sealing asset processing SourceMapDevToolPlugin resolve sources
<s> [webpack.Progress] 92% sealing asset processing SourceMapDevToolPlugin
<s> [webpack.Progress] 92% sealing asset processing RealContentHashPlugin
<s> [webpack.Progress] 92% sealing asset processing RealContentHashPlugin
<s> [webpack.Progress] 92% sealing asset processing RealContentHashPlugin stackiq-runtime.js?v=8cf7611a92c963eabf25 generate SourceMap
<s> [webpack.Progress] 92% sealing asset processing RealContentHashPlugin stackiq-runtime.js?v=8cf7611a92c963eabf25 generated SourceMap
<s> [webpack.Progress] 92% sealing asset processing RealContentHashPlugin stackiq-node_modules_date-fns_locale_af_js.js?v=73a180f7675ac7f012de generate SourceMap
<s> [webpack.Progress] 92% sealing asset processing RealContentHashPlugin stackiq-node_modules_date-fns_locale_af_js.js?v=73a180f7675ac7f012de generated SourceMap
<s> [webpack.Progress] 92% sealing asset processing RealContentHashPlugin stackiq-node_modules_date-fns_locale_ar-DZ_js.js?v=b6bb616aa6de395d5a06 generate SourceMap
<s> [webpack.Progress] 92% sealing asset processing RealContentHashPlugin stackiq-node_modules_date-fns_locale_ar-DZ_js.js?v=b6bb616aa6de395d5a06 generated SourceMap
<s> [webpack.Progress] 92% sealing asset processing RealContentHashPlugin stackiq-node_modules_date-fns_locale_ar-EG_js.js?v=213d394cf52b83b05d12 generate SourceMap
<s> [webpack.Progress] 92% sealing asset processing RealContentHashPlugin stackiq-node_modules_date-fns_locale_ar-EG_js.js?v=213d394cf52b83b05d12 generated SourceMap
<s> [webpack.Progress] 92% sealing asset processing RealContentHashPlugin stackiq-node_modules_date-fns_locale_ar-MA_js.js?v=76bb6cbfa25e1aaee4cc generate SourceMap
<s> [webpack.Progress] 92% sealing asset processing RealContentHashPlugin stackiq-node_modules_date-fns_locale_ar-MA_js.js?v=76bb6cbfa25e1aaee4cc generated SourceMap
<s> [webpack.Progress] 92% sealing asset processing RealContentHashPlugin stackiq-node_modules_date-fns_locale_ar-SA_js.js?v=d859203977c88abb1aaf generate SourceMap
<s> [webpack.Progress] 92% sealing asset processing RealContentHashPlugin stackiq-node_modules_date-fns_locale_ar-SA_js.js?v=d859203977c88abb1aaf generated SourceMap
<s> [webpack.Progress] 92% sealing asset processing RealContentHashPlugin stackiq-node_modules_date-fns_locale_ar-TN_js.js?v=b7b6e46ee4bf821fe1cc generate SourceMap
<s> [webpack.Progress] 92% sealing asset processing RealContentHashPlugin stackiq-node_modules_date-fns_locale_ar-TN_js.js?v=b7b6e46ee4bf821fe1cc generated SourceMap
<s> [webpack.Progress] 92% sealing asset processing RealContentHashPlugin stackiq-node_modules_date-fns_locale_ar_js.js?v=2db52eb735417effac8b generate SourceMap
<s> [webpack.Progress] 92% sealing asset processing RealContentHashPlugin stackiq-node_modules_date-fns_locale_ar_js.js?v=2db52eb735417effac8b generated SourceMap
<s> [webpack.Progress] 92% sealing asset processing RealContentHashPlugin stackiq-node_modules_date-fns_locale_az_js.js?v=1f983afdb0338d6d2a82 generate SourceMap
<s> [webpack.Progress] 92% sealing asset processing RealContentHashPlugin stackiq-node_modules_date-fns_locale_az_js.js?v=1f983afdb0338d6d2a82 generated SourceMap
<s> [webpack.Progress] 92% sealing asset processing RealContentHashPlugin stackiq-node_modules_date-fns_locale_be-tarask_js.js?v=0436e86cb4d482c20ea1 generate SourceMap
<s> [webpack.Progress] 92% sealing asset processing RealContentHashPlugin stackiq-node_modules_date-fns_locale_be-tarask_js.js?v=0436e86cb4d482c20ea1 generated SourceMap
<s> [webpack.Progress] 92% sealing asset processing RealContentHashPlugin stackiq-node_modules_date-fns_locale_be_js.js?v=e1648ab9b0ea1952121c generate SourceMap
<s> [webpack.Progress] 92% sealing asset processing RealContentHashPlugin stackiq-node_modules_date-fns_locale_be_js.js?v=e1648ab9b0ea1952121c generated SourceMap
<s> [webpack.Progress] 92% sealing asset processing RealContentHashPlugin stackiq-node_modules_date-fns_locale_bg_js.js?v=b2ed5f4d9c39d2cbbc5c generate SourceMap
<s> [webpack.Progress] 92% sealing asset processing RealContentHashPlugin stackiq-node_modules_date-fns_locale_bg_js.js?v=b2ed5f4d9c39d2cbbc5c generated SourceMap
<s> [webpack.Progress] 92% sealing asset processing RealContentHashPlugin stackiq-node_modules_date-fns_locale_bn_js.js?v=43e8622ed5bab29b22f9 generate SourceMap
<s> [webpack.Progress] 92% sealing asset processing RealContentHashPlugin stackiq-node_modules_date-fns_locale_bn_js.js?v=43e8622ed5bab29b22f9 generated SourceMap
<s> [webpack.Progress] 92% sealing asset processing RealContentHashPlugin stackiq-node_modules_date-fns_locale_bs_js.js?v=ded5acbc15535779d8c0 generate SourceMap
<s> [webpack.Progress] 92% sealing asset processing RealContentHashPlugin stackiq-node_modules_date-fns_locale_bs_js.js?v=ded5acbc15535779d8c0 generated SourceMap
<s> [webpack.Progress] 92% sealing asset processing RealContentHashPlugin stackiq-node_modules_date-fns_locale_ca_js.js?v=5bc476cc2451579b6f4c generate SourceMap
<s> [webpack.Progress] 92% sealing asset processing RealContentHashPlugin stackiq-node_modules_date-fns_locale_ca_js.js?v=5bc476cc2451579b6f4c generated SourceMap
<s> [webpack.Progress] 92% sealing asset processing RealContentHashPlugin stackiq-node_modules_date-fns_locale_ckb_js.js?v=a76c3a47f623887dccde generate SourceMap
<s> [webpack.Progress] 92% sealing asset processing RealContentHashPlugin stackiq-node_modules_date-fns_locale_ckb_js.js?v=a76c3a47f623887dccde generated SourceMap
<s> [webpack.Progress] 92% sealing asset processing RealContentHashPlugin stackiq-node_modules_date-fns_locale_cs_js.js?v=bbece36cafe608284bb2 generate SourceMap
<s> [webpack.Progress] 92% sealing asset processing RealContentHashPlugin stackiq-node_modules_date-fns_locale_cs_js.js?v=bbece36cafe608284bb2 generated SourceMap
<s> [webpack.Progress] 92% sealing asset processing RealContentHashPlugin stackiq-node_modules_date-fns_locale_cy_js.js?v=65ce8d25546abc4af5b3 generate SourceMap
<s> [webpack.Progress] 92% sealing asset processing RealContentHashPlugin stackiq-node_modules_date-fns_locale_cy_js.js?v=65ce8d25546abc4af5b3 generated SourceMap
<s> [webpack.Progress] 92% sealing asset processing RealContentHashPlugin stackiq-node_modules_date-fns_locale_da_js.js?v=13843dc6798b23758b3b generate SourceMap
<s> [webpack.Progress] 92% sealing asset processing RealContentHashPlugin stackiq-node_modules_date-fns_locale_da_js.js?v=13843dc6798b23758b3b generated SourceMap
<s> [webpack.Progress] 92% sealing asset processing RealContentHashPlugin stackiq-node_modules_date-fns_locale_de-AT_js.js?v=fd9474bb1d024e35d24b generate SourceMap
<s> [webpack.Progress] 92% sealing asset processing RealContentHashPlugin stackiq-node_modules_date-fns_locale_de-AT_js.js?v=fd9474bb1d024e35d24b generated SourceMap
<s> [webpack.Progress] 92% sealing asset processing RealContentHashPlugin stackiq-node_modules_date-fns_locale_de_js.js?v=a4f37abf1f0012c49717 generate SourceMap
<s> [webpack.Progress] 92% sealing asset processing RealContentHashPlugin stackiq-node_modules_date-fns_locale_de_js.js?v=a4f37abf1f0012c49717 generated SourceMap
<s> [webpack.Progress] 92% sealing asset processing RealContentHashPlugin stackiq-node_modules_date-fns_locale_el_js.js?v=313ab8ab37cc32e71eb4 generate SourceMap
<s> [webpack.Progress] 92% sealing asset processing RealContentHashPlugin stackiq-node_modules_date-fns_locale_el_js.js?v=313ab8ab37cc32e71eb4 generated SourceMap
<s> [webpack.Progress] 92% sealing asset processing RealContentHashPlugin stackiq-node_modules_date-fns_locale_en-AU_js.js?v=7248e9c8bb963ec345c7 generate SourceMap
<s> [webpack.Progress] 92% sealing asset processing RealContentHashPlugin stackiq-node_modules_date-fns_locale_en-AU_js.js?v=7248e9c8bb963ec345c7 generated SourceMap
<s> [webpack.Progress] 92% sealing asset processing RealContentHashPlugin stackiq-node_modules_date-fns_locale_en-CA_js.js?v=da37f415ccd44d581517 generate SourceMap
<s> [webpack.Progress] 92% sealing asset processing RealContentHashPlugin stackiq-node_modules_date-fns_locale_en-CA_js.js?v=da37f415ccd44d581517 generated SourceMap
<s> [webpack.Progress] 92% sealing asset processing RealContentHashPlugin stackiq-node_modules_date-fns_locale_en-GB_js.js?v=b4b3af116d455490ba53 generate SourceMap
<s> [webpack.Progress] 92% sealing asset processing RealContentHashPlugin stackiq-node_modules_date-fns_locale_en-GB_js.js?v=b4b3af116d455490ba53 generated SourceMap
<s> [webpack.Progress] 92% sealing asset processing RealContentHashPlugin stackiq-node_modules_date-fns_locale_en-IE_js.js?v=3e18460e7a893b64b925 generate SourceMap
<s> [webpack.Progress] 92% sealing asset processing RealContentHashPlugin stackiq-node_modules_date-fns_locale_en-IE_js.js?v=3e18460e7a893b64b925 generated SourceMap
<s> [webpack.Progress] 92% sealing asset processing RealContentHashPlugin stackiq-node_modules_date-fns_locale_en-IN_js.js?v=cc1f75d797da4e7707db generate SourceMap
<s> [webpack.Progress] 92% sealing asset processing RealContentHashPlugin stackiq-node_modules_date-fns_locale_en-IN_js.js?v=cc1f75d797da4e7707db generated SourceMap
<s> [webpack.Progress] 92% sealing asset processing RealContentHashPlugin stackiq-node_modules_date-fns_locale_en-NZ_js.js?v=d0120c98e9fe4af3c971 generate SourceMap
<s> [webpack.Progress] 92% sealing asset processing RealContentHashPlugin stackiq-node_modules_date-fns_locale_en-NZ_js.js?v=d0120c98e9fe4af3c971 generated SourceMap
<s> [webpack.Progress] 92% sealing asset processing RealContentHashPlugin stackiq-node_modules_date-fns_locale_en-ZA_js.js?v=16115572abf0b79ebc07 generate SourceMap
<s> [webpack.Progress] 92% sealing asset processing RealContentHashPlugin stackiq-node_modules_date-fns_locale_en-ZA_js.js?v=16115572abf0b79ebc07 generated SourceMap
<s> [webpack.Progress] 92% sealing asset processing RealContentHashPlugin stackiq-node_modules_date-fns_locale_eo_js.js?v=1ce7165ab89a077169db generate SourceMap
<s> [webpack.Progress] 92% sealing asset processing RealContentHashPlugin stackiq-node_modules_date-fns_locale_eo_js.js?v=1ce7165ab89a077169db generated SourceMap
<s> [webpack.Progress] 92% sealing asset processing RealContentHashPlugin stackiq-node_modules_date-fns_locale_es_js.js?v=1c025f6b38bcd001e7d8 generate SourceMap
<s> [webpack.Progress] 92% sealing asset processing RealContentHashPlugin stackiq-node_modules_date-fns_locale_es_js.js?v=1c025f6b38bcd001e7d8 generated SourceMap
<s> [webpack.Progress] 92% sealing asset processing RealContentHashPlugin stackiq-node_modules_date-fns_locale_et_js.js?v=3174e6b5b7422f5f52a7 generate SourceMap
<s> [webpack.Progress] 92% sealing asset processing RealContentHashPlugin stackiq-node_modules_date-fns_locale_et_js.js?v=3174e6b5b7422f5f52a7 generated SourceMap
<s> [webpack.Progress] 92% sealing asset processing RealContentHashPlugin stackiq-node_modules_date-fns_locale_eu_js.js?v=7a425882f67830f52015 generate SourceMap
<s> [webpack.Progress] 92% sealing asset processing RealContentHashPlugin stackiq-node_modules_date-fns_locale_eu_js.js?v=7a425882f67830f52015 generated SourceMap
<s> [webpack.Progress] 92% sealing asset processing RealContentHashPlugin stackiq-node_modules_date-fns_locale_fa-IR_js.js?v=c9c44860512fa1fca915 generate SourceMap
<s> [webpack.Progress] 92% sealing asset processing RealContentHashPlugin stackiq-node_modules_date-fns_locale_fa-IR_js.js?v=c9c44860512fa1fca915 generated SourceMap
<s> [webpack.Progress] 92% sealing asset processing RealContentHashPlugin stackiq-node_modules_date-fns_locale_fi_js.js?v=66d2024c63b0ca1899dc generate SourceMap
<s> [webpack.Progress] 92% sealing asset processing RealContentHashPlugin stackiq-node_modules_date-fns_locale_fi_js.js?v=66d2024c63b0ca1899dc generated SourceMap
<s> [webpack.Progress] 92% sealing asset processing RealContentHashPlugin stackiq-node_modules_date-fns_locale_fr-CA_js.js?v=b037e19006d010ae25e3 generate SourceMap
<s> [webpack.Progress] 92% sealing asset processing RealContentHashPlugin stackiq-node_modules_date-fns_locale_fr-CA_js.js?v=b037e19006d010ae25e3 generated SourceMap
<s> [webpack.Progress] 92% sealing asset processing RealContentHashPlugin stackiq-node_modules_date-fns_locale_fr-CH_js.js?v=a4dfb87a8826fb99635d generate SourceMap
<s> [webpack.Progress] 92% sealing asset processing RealContentHashPlugin stackiq-node_modules_date-fns_locale_fr-CH_js.js?v=a4dfb87a8826fb99635d generated SourceMap
<s> [webpack.Progress] 92% sealing asset processing RealContentHashPlugin stackiq-node_modules_date-fns_locale_fr_js.js?v=92517779b48d19911360 generate SourceMap
<s> [webpack.Progress] 92% sealing asset processing RealContentHashPlugin stackiq-node_modules_date-fns_locale_fr_js.js?v=92517779b48d19911360 generated SourceMap
<s> [webpack.Progress] 92% sealing asset processing RealContentHashPlugin stackiq-node_modules_date-fns_locale_fy_js.js?v=f3e3f3bf6ae24a4e1a4e generate SourceMap
<s> [webpack.Progress] 92% sealing asset processing RealContentHashPlugin stackiq-node_modules_date-fns_locale_fy_js.js?v=f3e3f3bf6ae24a4e1a4e generated SourceMap
<s> [webpack.Progress] 92% sealing asset processing RealContentHashPlugin stackiq-node_modules_date-fns_locale_gd_js.js?v=0dd70e48c2304ec34e84 generate SourceMap
<s> [webpack.Progress] 92% sealing asset processing RealContentHashPlugin stackiq-node_modules_date-fns_locale_gd_js.js?v=0dd70e48c2304ec34e84 generated SourceMap
<s> [webpack.Progress] 92% sealing asset processing RealContentHashPlugin stackiq-node_modules_date-fns_locale_gl_js.js?v=1586426edc9aaa746a72 generate SourceMap
<s> [webpack.Progress] 92% sealing asset processing RealContentHashPlugin stackiq-node_modules_date-fns_locale_gl_js.js?v=1586426edc9aaa746a72 generated SourceMap
<s> [webpack.Progress] 92% sealing asset processing RealContentHashPlugin stackiq-node_modules_date-fns_locale_gu_js.js?v=adb0be39ea02b9761a79 generate SourceMap
<s> [webpack.Progress] 92% sealing asset processing RealContentHashPlugin stackiq-node_modules_date-fns_locale_gu_js.js?v=adb0be39ea02b9761a79 generated SourceMap
<s> [webpack.Progress] 92% sealing asset processing RealContentHashPlugin stackiq-node_modules_date-fns_locale_he_js.js?v=f3d15cef8b9114efabe1 generate SourceMap
<s> [webpack.Progress] 92% sealing asset processing RealContentHashPlugin stackiq-node_modules_date-fns_locale_he_js.js?v=f3d15cef8b9114efabe1 generated SourceMap
<s> [webpack.Progress] 92% sealing asset processing RealContentHashPlugin stackiq-node_modules_date-fns_locale_hi_js.js?v=cfc95268df5337962805 generate SourceMap
<s> [webpack.Progress] 92% sealing asset processing RealContentHashPlugin stackiq-node_modules_date-fns_locale_hi_js.js?v=cfc95268df5337962805 generated SourceMap
<s> [webpack.Progress] 92% sealing asset processing RealContentHashPlugin stackiq-node_modules_date-fns_locale_hr_js.js?v=6a506ce5252c880a0d1d generate SourceMap
<s> [webpack.Progress] 92% sealing asset processing RealContentHashPlugin stackiq-node_modules_date-fns_locale_hr_js.js?v=6a506ce5252c880a0d1d generated SourceMap
<s> [webpack.Progress] 92% sealing asset processing RealContentHashPlugin stackiq-node_modules_date-fns_locale_ht_js.js?v=77e08d37f8b905485ad8 generate SourceMap
<s> [webpack.Progress] 92% sealing asset processing RealContentHashPlugin stackiq-node_modules_date-fns_locale_ht_js.js?v=77e08d37f8b905485ad8 generated SourceMap
<s> [webpack.Progress] 92% sealing asset processing RealContentHashPlugin stackiq-node_modules_date-fns_locale_hu_js.js?v=8b744d76e90c31119c97 generate SourceMap
<s> [webpack.Progress] 92% sealing asset processing RealContentHashPlugin stackiq-node_modules_date-fns_locale_hu_js.js?v=8b744d76e90c31119c97 generated SourceMap
<s> [webpack.Progress] 92% sealing asset processing RealContentHashPlugin stackiq-node_modules_date-fns_locale_hy_js.js?v=cd47d7224e0e546a2bc9 generate SourceMap
<s> [webpack.Progress] 92% sealing asset processing RealContentHashPlugin stackiq-node_modules_date-fns_locale_hy_js.js?v=cd47d7224e0e546a2bc9 generated SourceMap
<s> [webpack.Progress] 92% sealing asset processing RealContentHashPlugin stackiq-node_modules_date-fns_locale_id_js.js?v=07c6b88d9d3c8f9463b6 generate SourceMap
<s> [webpack.Progress] 92% sealing asset processing RealContentHashPlugin stackiq-node_modules_date-fns_locale_id_js.js?v=07c6b88d9d3c8f9463b6 generated SourceMap
<s> [webpack.Progress] 92% sealing asset processing RealContentHashPlugin stackiq-node_modules_date-fns_locale_is_js.js?v=c0fa4aff61c3058d0cab generate SourceMap
<s> [webpack.Progress] 92% sealing asset processing RealContentHashPlugin stackiq-node_modules_date-fns_locale_is_js.js?v=c0fa4aff61c3058d0cab generated SourceMap
<s> [webpack.Progress] 92% sealing asset processing RealContentHashPlugin stackiq-node_modules_date-fns_locale_it-CH_js.js?v=7d81a13f82d2f9b09cb4 generate SourceMap
<s> [webpack.Progress] 92% sealing asset processing RealContentHashPlugin stackiq-node_modules_date-fns_locale_it-CH_js.js?v=7d81a13f82d2f9b09cb4 generated SourceMap
<s> [webpack.Progress] 92% sealing asset processing RealContentHashPlugin stackiq-node_modules_date-fns_locale_it_js.js?v=6e28411a201d7fa584d1 generate SourceMap
<s> [webpack.Progress] 92% sealing asset processing RealContentHashPlugin stackiq-node_modules_date-fns_locale_it_js.js?v=6e28411a201d7fa584d1 generated SourceMap
<s> [webpack.Progress] 92% sealing asset processing RealContentHashPlugin stackiq-node_modules_date-fns_locale_ja-Hira_js.js?v=3800ba113fafc3008596 generate SourceMap
<s> [webpack.Progress] 92% sealing asset processing RealContentHashPlugin stackiq-node_modules_date-fns_locale_ja-Hira_js.js?v=3800ba113fafc3008596 generated SourceMap
<s> [webpack.Progress] 92% sealing asset processing RealContentHashPlugin stackiq-node_modules_date-fns_locale_ja_js.js?v=625d4ab4628c70a44d90 generate SourceMap
<s> [webpack.Progress] 92% sealing asset processing RealContentHashPlugin stackiq-node_modules_date-fns_locale_ja_js.js?v=625d4ab4628c70a44d90 generated SourceMap
<s> [webpack.Progress] 92% sealing asset processing RealContentHashPlugin stackiq-node_modules_date-fns_locale_ka_js.js?v=57eeae16e9bafd378692 generate SourceMap
<s> [webpack.Progress] 92% sealing asset processing RealContentHashPlugin stackiq-node_modules_date-fns_locale_ka_js.js?v=57eeae16e9bafd378692 generated SourceMap
<s> [webpack.Progress] 92% sealing asset processing RealContentHashPlugin stackiq-node_modules_date-fns_locale_kk_js.js?v=dcec2374613893bbd37f generate SourceMap
<s> [webpack.Progress] 92% sealing asset processing RealContentHashPlugin stackiq-node_modules_date-fns_locale_kk_js.js?v=dcec2374613893bbd37f generated SourceMap
<s> [webpack.Progress] 92% sealing asset processing RealContentHashPlugin stackiq-node_modules_date-fns_locale_km_js.js?v=a013bfac4b7075787e66 generate SourceMap
<s> [webpack.Progress] 92% sealing asset processing RealContentHashPlugin stackiq-node_modules_date-fns_locale_km_js.js?v=a013bfac4b7075787e66 generated SourceMap
<s> [webpack.Progress] 92% sealing asset processing RealContentHashPlugin stackiq-node_modules_date-fns_locale_kn_js.js?v=062a7debfa576cb30a4b generate SourceMap
<s> [webpack.Progress] 92% sealing asset processing RealContentHashPlugin stackiq-node_modules_date-fns_locale_kn_js.js?v=062a7debfa576cb30a4b generated SourceMap
<s> [webpack.Progress] 92% sealing asset processing RealContentHashPlugin stackiq-node_modules_date-fns_locale_ko_js.js?v=1aa7c28c79a0bfdede83 generate SourceMap
<s> [webpack.Progress] 92% sealing asset processing RealContentHashPlugin stackiq-node_modules_date-fns_locale_ko_js.js?v=1aa7c28c79a0bfdede83 generated SourceMap
<s> [webpack.Progress] 92% sealing asset processing RealContentHashPlugin stackiq-node_modules_date-fns_locale_lb_js.js?v=a902f83447d5acac4de5 generate SourceMap
<s> [webpack.Progress] 92% sealing asset processing RealContentHashPlugin stackiq-node_modules_date-fns_locale_lb_js.js?v=a902f83447d5acac4de5 generated SourceMap
<s> [webpack.Progress] 92% sealing asset processing RealContentHashPlugin stackiq-node_modules_date-fns_locale_lt_js.js?v=533e13269b3030a20aad generate SourceMap
<s> [webpack.Progress] 92% sealing asset processing RealContentHashPlugin stackiq-node_modules_date-fns_locale_lt_js.js?v=533e13269b3030a20aad generated SourceMap
<s> [webpack.Progress] 92% sealing asset processing RealContentHashPlugin stackiq-node_modules_date-fns_locale_lv_js.js?v=40c9796643286ce92f87 generate SourceMap
<s> [webpack.Progress] 92% sealing asset processing RealContentHashPlugin stackiq-node_modules_date-fns_locale_lv_js.js?v=40c9796643286ce92f87 generated SourceMap
<s> [webpack.Progress] 92% sealing asset processing RealContentHashPlugin stackiq-node_modules_date-fns_locale_mk_js.js?v=982938cf7079a1fedc99 generate SourceMap
<s> [webpack.Progress] 92% sealing asset processing RealContentHashPlugin stackiq-node_modules_date-fns_locale_mk_js.js?v=982938cf7079a1fedc99 generated SourceMap
<s> [webpack.Progress] 92% sealing asset processing RealContentHashPlugin stackiq-node_modules_date-fns_locale_mn_js.js?v=a817bc4d997ad893eaf4 generate SourceMap
<s> [webpack.Progress] 92% sealing asset processing RealContentHashPlugin stackiq-node_modules_date-fns_locale_mn_js.js?v=a817bc4d997ad893eaf4 generated SourceMap
<s> [webpack.Progress] 92% sealing asset processing RealContentHashPlugin stackiq-node_modules_date-fns_locale_ms_js.js?v=4e58643a4650884b4131 generate SourceMap
<s> [webpack.Progress] 92% sealing asset processing RealContentHashPlugin stackiq-node_modules_date-fns_locale_ms_js.js?v=4e58643a4650884b4131 generated SourceMap
<s> [webpack.Progress] 92% sealing asset processing RealContentHashPlugin stackiq-node_modules_date-fns_locale_mt_js.js?v=37c161d9e1bdaf01541f generate SourceMap
<s> [webpack.Progress] 92% sealing asset processing RealContentHashPlugin stackiq-node_modules_date-fns_locale_mt_js.js?v=37c161d9e1bdaf01541f generated SourceMap
<s> [webpack.Progress] 92% sealing asset processing RealContentHashPlugin stackiq-node_modules_date-fns_locale_nb_js.js?v=bba159004d89f404868b generate SourceMap
<s> [webpack.Progress] 92% sealing asset processing RealContentHashPlugin stackiq-node_modules_date-fns_locale_nb_js.js?v=bba159004d89f404868b generated SourceMap
<s> [webpack.Progress] 92% sealing asset processing RealContentHashPlugin stackiq-node_modules_date-fns_locale_nl-BE_js.js?v=f90f5ddf94365dc782ec generate SourceMap
<s> [webpack.Progress] 92% sealing asset processing RealContentHashPlugin stackiq-node_modules_date-fns_locale_nl-BE_js.js?v=f90f5ddf94365dc782ec generated SourceMap
<s> [webpack.Progress] 92% sealing asset processing RealContentHashPlugin stackiq-node_modules_date-fns_locale_nl_js.js?v=d8757afecc1282a18cf9 generate SourceMap
<s> [webpack.Progress] 92% sealing asset processing RealContentHashPlugin stackiq-node_modules_date-fns_locale_nl_js.js?v=d8757afecc1282a18cf9 generated SourceMap
<s> [webpack.Progress] 92% sealing asset processing RealContentHashPlugin stackiq-node_modules_date-fns_locale_nn_js.js?v=c3193e4a3ddfc499be0f generate SourceMap
<s> [webpack.Progress] 92% sealing asset processing RealContentHashPlugin stackiq-node_modules_date-fns_locale_nn_js.js?v=c3193e4a3ddfc499be0f generated SourceMap
<s> [webpack.Progress] 92% sealing asset processing RealContentHashPlugin stackiq-node_modules_date-fns_locale_oc_js.js?v=3f04b27921c5a2a3fcf5 generate SourceMap
<s> [webpack.Progress] 92% sealing asset processing RealContentHashPlugin stackiq-node_modules_date-fns_locale_oc_js.js?v=3f04b27921c5a2a3fcf5 generated SourceMap
<s> [webpack.Progress] 92% sealing asset processing RealContentHashPlugin stackiq-node_modules_date-fns_locale_pl_js.js?v=95eab0d961b23c6de2ad generate SourceMap
<s> [webpack.Progress] 92% sealing asset processing RealContentHashPlugin stackiq-node_modules_date-fns_locale_pl_js.js?v=95eab0d961b23c6de2ad generated SourceMap
<s> [webpack.Progress] 92% sealing asset processing RealContentHashPlugin stackiq-node_modules_date-fns_locale_pt-BR_js.js?v=daa9c9d153febb59cb3e generate SourceMap
<s> [webpack.Progress] 92% sealing asset processing RealContentHashPlugin stackiq-node_modules_date-fns_locale_pt-BR_js.js?v=daa9c9d153febb59cb3e generated SourceMap
<s> [webpack.Progress] 92% sealing asset processing RealContentHashPlugin stackiq-node_modules_date-fns_locale_pt_js.js?v=0927a9d7617dd05aa9bc generate SourceMap
<s> [webpack.Progress] 92% sealing asset processing RealContentHashPlugin stackiq-node_modules_date-fns_locale_pt_js.js?v=0927a9d7617dd05aa9bc generated SourceMap
<s> [webpack.Progress] 92% sealing asset processing RealContentHashPlugin stackiq-node_modules_date-fns_locale_ro_js.js?v=6fba7a152940beac0bfb generate SourceMap
<s> [webpack.Progress] 92% sealing asset processing RealContentHashPlugin stackiq-node_modules_date-fns_locale_ro_js.js?v=6fba7a152940beac0bfb generated SourceMap
<s> [webpack.Progress] 92% sealing asset processing RealContentHashPlugin stackiq-node_modules_date-fns_locale_ru_js.js?v=a9b09fab683461dbb5a1 generate SourceMap
<s> [webpack.Progress] 92% sealing asset processing RealContentHashPlugin stackiq-node_modules_date-fns_locale_ru_js.js?v=a9b09fab683461dbb5a1 generated SourceMap
<s> [webpack.Progress] 92% sealing asset processing RealContentHashPlugin stackiq-node_modules_date-fns_locale_se_js.js?v=255fe012e1226e94c818 generate SourceMap
<s> [webpack.Progress] 92% sealing asset processing RealContentHashPlugin stackiq-node_modules_date-fns_locale_se_js.js?v=255fe012e1226e94c818 generated SourceMap
<s> [webpack.Progress] 92% sealing asset processing RealContentHashPlugin stackiq-node_modules_date-fns_locale_sk_js.js?v=aba7d510599701ff2e2d generate SourceMap
<s> [webpack.Progress] 92% sealing asset processing RealContentHashPlugin stackiq-node_modules_date-fns_locale_sk_js.js?v=aba7d510599701ff2e2d generated SourceMap
<s> [webpack.Progress] 92% sealing asset processing RealContentHashPlugin stackiq-node_modules_date-fns_locale_sl_js.js?v=d756648447185d66021b generate SourceMap
<s> [webpack.Progress] 92% sealing asset processing RealContentHashPlugin stackiq-node_modules_date-fns_locale_sl_js.js?v=d756648447185d66021b generated SourceMap
<s> [webpack.Progress] 92% sealing asset processing RealContentHashPlugin stackiq-node_modules_date-fns_locale_sq_js.js?v=9b3980a568fd44dc3f5c generate SourceMap
<s> [webpack.Progress] 92% sealing asset processing RealContentHashPlugin stackiq-node_modules_date-fns_locale_sq_js.js?v=9b3980a568fd44dc3f5c generated SourceMap
<s> [webpack.Progress] 92% sealing asset processing RealContentHashPlugin stackiq-node_modules_date-fns_locale_sr-Latn_js.js?v=dd126fe408043d0a6919 generate SourceMap
<s> [webpack.Progress] 92% sealing asset processing RealContentHashPlugin stackiq-node_modules_date-fns_locale_sr-Latn_js.js?v=dd126fe408043d0a6919 generated SourceMap
<s> [webpack.Progress] 92% sealing asset processing RealContentHashPlugin stackiq-node_modules_date-fns_locale_sr_js.js?v=8e7acda1dc7597da4405 generate SourceMap
<s> [webpack.Progress] 92% sealing asset processing RealContentHashPlugin stackiq-node_modules_date-fns_locale_sr_js.js?v=8e7acda1dc7597da4405 generated SourceMap
<s> [webpack.Progress] 92% sealing asset processing RealContentHashPlugin stackiq-node_modules_date-fns_locale_sv_js.js?v=7e60dad4507872ce7a00 generate SourceMap
<s> [webpack.Progress] 92% sealing asset processing RealContentHashPlugin stackiq-node_modules_date-fns_locale_sv_js.js?v=7e60dad4507872ce7a00 generated SourceMap
<s> [webpack.Progress] 92% sealing asset processing RealContentHashPlugin stackiq-node_modules_date-fns_locale_ta_js.js?v=b2681f1eb5d9c282f33c generate SourceMap
<s> [webpack.Progress] 92% sealing asset processing RealContentHashPlugin stackiq-node_modules_date-fns_locale_ta_js.js?v=b2681f1eb5d9c282f33c generated SourceMap
<s> [webpack.Progress] 92% sealing asset processing RealContentHashPlugin stackiq-node_modules_date-fns_locale_te_js.js?v=298cb0a0033a9d05b4ab generate SourceMap
<s> [webpack.Progress] 92% sealing asset processing RealContentHashPlugin stackiq-node_modules_date-fns_locale_te_js.js?v=298cb0a0033a9d05b4ab generated SourceMap
<s> [webpack.Progress] 92% sealing asset processing RealContentHashPlugin stackiq-node_modules_date-fns_locale_th_js.js?v=5ddde30043b62dda2b6d generate SourceMap
<s> [webpack.Progress] 92% sealing asset processing RealContentHashPlugin stackiq-node_modules_date-fns_locale_th_js.js?v=5ddde30043b62dda2b6d generated SourceMap
<s> [webpack.Progress] 92% sealing asset processing RealContentHashPlugin stackiq-node_modules_date-fns_locale_tr_js.js?v=0eb22ecc01f5dce79f41 generate SourceMap
<s> [webpack.Progress] 92% sealing asset processing RealContentHashPlugin stackiq-node_modules_date-fns_locale_tr_js.js?v=0eb22ecc01f5dce79f41 generated SourceMap
<s> [webpack.Progress] 92% sealing asset processing RealContentHashPlugin stackiq-node_modules_date-fns_locale_ug_js.js?v=13b29c8135bb76ef14ba generate SourceMap
<s> [webpack.Progress] 92% sealing asset processing RealContentHashPlugin stackiq-node_modules_date-fns_locale_ug_js.js?v=13b29c8135bb76ef14ba generated SourceMap
<s> [webpack.Progress] 92% sealing asset processing RealContentHashPlugin stackiq-node_modules_date-fns_locale_uk_js.js?v=c77ea687886326113aa9 generate SourceMap
<s> [webpack.Progress] 92% sealing asset processing RealContentHashPlugin stackiq-node_modules_date-fns_locale_uk_js.js?v=c77ea687886326113aa9 generated SourceMap
<s> [webpack.Progress] 92% sealing asset processing RealContentHashPlugin stackiq-node_modules_date-fns_locale_uz-Cyrl_js.js?v=1ce484403e8e8d354aa8 generate SourceMap
<s> [webpack.Progress] 92% sealing asset processing RealContentHashPlugin stackiq-node_modules_date-fns_locale_uz-Cyrl_js.js?v=1ce484403e8e8d354aa8 generated SourceMap
<s> [webpack.Progress] 92% sealing asset processing RealContentHashPlugin stackiq-node_modules_date-fns_locale_uz_js.js?v=c8dd8deabe2763375ee4 generate SourceMap
<s> [webpack.Progress] 92% sealing asset processing RealContentHashPlugin stackiq-node_modules_date-fns_locale_uz_js.js?v=c8dd8deabe2763375ee4 generated SourceMap
<s> [webpack.Progress] 92% sealing asset processing RealContentHashPlugin stackiq-node_modules_date-fns_locale_vi_js.js?v=59dd51fb7ef78a09e010 generate SourceMap
<s> [webpack.Progress] 92% sealing asset processing RealContentHashPlugin stackiq-node_modules_date-fns_locale_vi_js.js?v=59dd51fb7ef78a09e010 generated SourceMap
<s> [webpack.Progress] 92% sealing asset processing RealContentHashPlugin stackiq-node_modules_date-fns_locale_zh-CN_js.js?v=0026a6bc60ee904a41f7 generate SourceMap
<s> [webpack.Progress] 92% sealing asset processing RealContentHashPlugin stackiq-node_modules_date-fns_locale_zh-CN_js.js?v=0026a6bc60ee904a41f7 generated SourceMap
<s> [webpack.Progress] 92% sealing asset processing RealContentHashPlugin stackiq-node_modules_date-fns_locale_zh-HK_js.js?v=ea70e650323decb699ad generate SourceMap
<s> [webpack.Progress] 92% sealing asset processing RealContentHashPlugin stackiq-node_modules_date-fns_locale_zh-HK_js.js?v=ea70e650323decb699ad generated SourceMap
<s> [webpack.Progress] 92% sealing asset processing RealContentHashPlugin stackiq-node_modules_date-fns_locale_zh-TW_js.js?v=c63e03d0cf0e78807f3f generate SourceMap
<s> [webpack.Progress] 92% sealing asset processing RealContentHashPlugin stackiq-node_modules_date-fns_locale_zh-TW_js.js?v=c63e03d0cf0e78807f3f generated SourceMap
<s> [webpack.Progress] 92% sealing asset processing RealContentHashPlugin stackiq-node_modules_rehype-highlight_index_js.js?v=db264af2390f4d0619c0 generate SourceMap
<s> [webpack.Progress] 92% sealing asset processing RealContentHashPlugin stackiq-node_modules_rehype-highlight_index_js.js?v=db264af2390f4d0619c0 generated SourceMap
<s> [webpack.Progress] 92% sealing asset processing RealContentHashPlugin stackiq-node_modules_nextcloud_files_dist_index_mjs-_da900.js?v=eb19018175a289930122 generate SourceMap
<s> [webpack.Progress] 92% sealing asset processing RealContentHashPlugin stackiq-node_modules_nextcloud_files_dist_index_mjs-_da900.js?v=eb19018175a289930122 generated SourceMap
<s> [webpack.Progress] 92% sealing asset processing RealContentHashPlugin stackiq-node_modules_nextcloud_files_dist_dav_mjs-node_modules_nextcloud_files_dist_index_mjs-node_mo-c833a5.js?v=bd1cd5a8657ea55cfb18 generate SourceMap
<s> [webpack.Progress] 92% sealing asset processing RealContentHashPlugin stackiq-node_modules_nextcloud_files_dist_dav_mjs-node_modules_nextcloud_files_dist_index_mjs-node_mo-c833a5.js?v=bd1cd5a8657ea55cfb18 generated SourceMap
<s> [webpack.Progress] 92% sealing asset processing RealContentHashPlugin stackiq-node_modules_nextcloud_files_dist_index_mjs-_da901.js?v=6fe4ef27351fe17f3b1c generate SourceMap
<s> [webpack.Progress] 92% sealing asset processing RealContentHashPlugin stackiq-node_modules_nextcloud_files_dist_index_mjs-_da901.js?v=6fe4ef27351fe17f3b1c generated SourceMap
<s> [webpack.Progress] 92% sealing asset processing RealContentHashPlugin stackiq-node_modules_nextcloud_paths_dist_index_mjs.js?v=9c7ff96bd96d666c65cb generate SourceMap
<s> [webpack.Progress] 92% sealing asset processing RealContentHashPlugin stackiq-node_modules_nextcloud_paths_dist_index_mjs.js?v=9c7ff96bd96d666c65cb generated SourceMap
<s> [webpack.Progress] 92% sealing asset processing RealContentHashPlugin stackiq-node_modules_nextcloud_dialogs_dist_chunks_ConflictPicker_mjs.js?v=2d90c33277be1920c760 generate SourceMap
<s> [webpack.Progress] 92% sealing asset processing RealContentHashPlugin stackiq-node_modules_nextcloud_dialogs_dist_chunks_ConflictPicker_mjs.js?v=2d90c33277be1920c760 generated SourceMap
<s> [webpack.Progress] 92% sealing asset processing RealContentHashPlugin stackiq-node_modules_nextcloud_dialogs_dist_chunks_FilePicker_mjs.js?v=aef00d7a54f267cbad52 generate SourceMap
<s> [webpack.Progress] 92% sealing asset processing RealContentHashPlugin stackiq-node_modules_nextcloud_dialogs_dist_chunks_FilePicker_mjs.js?v=aef00d7a54f267cbad52 generated SourceMap
<s> [webpack.Progress] 92% sealing asset processing RealContentHashPlugin stackiq-node_modules_nextcloud_dialogs_dist_chunks_PublicAuthPrompt_mjs.js?v=e984462134d9db600341 generate SourceMap
<s> [webpack.Progress] 92% sealing asset processing RealContentHashPlugin stackiq-node_modules_nextcloud_dialogs_dist_chunks_PublicAuthPrompt_mjs.js?v=e984462134d9db600341 generated SourceMap
<s> [webpack.Progress] 92% sealing asset processing RealContentHashPlugin resolve sources
<s> [webpack.Progress] 92% sealing asset processing RealContentHashPlugin
<s> [webpack.Progress] 92% sealing asset processing
<s> [webpack.Progress] 93% sealing after asset optimization
<s> [webpack.Progress] 93% sealing after asset optimization
<s> [webpack.Progress] 93% sealing recording
<s> [webpack.Progress] 93% sealing recording
<s> [webpack.Progress] 94% sealing after seal
<s> [webpack.Progress] 94% sealing after seal
<s> [webpack.Progress] 95% emitting emit
<s> [webpack.Progress] 95% emitting emit CleanPlugin
<s> [webpack.Progress] 95% emitting emit
<s> [webpack.Progress] 98% emitting after emit
<s> [webpack.Progress] 98% emitting after emit SizeLimitsPlugin
<s> [webpack.Progress] 98% emitting after emit
<s> [webpack.Progress] 99% done plugins
<s> [webpack.Progress] 99% done plugins
<s> [webpack.Progress] 99% 

<s> [webpack.Progress] 99% cache store build dependencies
<s> [webpack.Progress] 99% cache store build dependencies
<s> [webpack.Progress] 99% cache begin idle
<s> [webpack.Progress] 99% cache begin idle
<s> [webpack.Progress] 100% 

<s> [webpack.Progress] 99% cache shutdown
<s> [webpack.Progress] 99% cache shutdown
<s> [webpack.Progress] 100% 

assets by info 1.63 MiB [1m[32m[immutable][39m[22m
  assets by path [1m[32m*.js[39m[22m 1.63 MiB
    asset [1m[32mstackiq-node_modules_nextcloud_files_dist_dav_mjs-node_modules_nextcloud_files_dist_index_mjs-node_mo-c833a5.js?v=bd1cd5a8657ea55cfb18[39m[22m 208 KiB [1m[32m[emitted][39m[22m [1m[32m[immutable][39m[22m [1m[32m[minimized][39m[22m 2 related assets
    asset [1m[32mstackiq-node_modules_nextcloud_files_dist_index_mjs-_da900.js?v=eb19018175a289930122[39m[22m 207 KiB [1m[32m[emitted][39m[22m [1m[32m[immutable][39m[22m [1m[32m[minimized][39m[22m 2 related assets
    + 101 assets
  assets by path [1m[32m*.png[39m[22m 3.34 KiB
    asset [1m[32m2b3e1faf89f94a483539.png[39m[22m 1.43 KiB [1m[32m[emitted][39m[22m [1m[32m[immutable][39m[22m [from: node_modules/@conduction/nextcloud-vue/dist/images/marker-icon.png] (auxiliary name: stackiq-shared-nc-vue) (auxiliary id hint: ncVue)
    asset [1m[32m8f2c4d11474275fbc161.png[39m[22m 1.23 KiB [1m[32m[emitted][39m[22m [1m[32m[immutable][39m[22m [from: node_modules/@conduction/nextcloud-vue/dist/images/layers-2x.png] (auxiliary name: stackiq-shared-nc-vue) (auxiliary id hint: ncVue)
    asset [1m[32m416d91365b44e4b4f477.png[39m[22m 696 bytes [1m[32m[emitted][39m[22m [1m[32m[immutable][39m[22m [from: node_modules/@conduction/nextcloud-vue/dist/images/layers.png] (auxiliary name: stackiq-shared-nc-vue) (auxiliary id hint: ncVue)
assets by status [1m[33m29.2 MiB[39m[22m [1m[33m[big][39m[22m
  asset [1m[33mstackiq-shared-nc-vue.js[39m[22m [1m[33m10.7 MiB[39m[22m [1m[32m[emitted][39m[22m [1m[32m[minimized][39m[22m [1m[33m[big][39m[22m (name: stackiq-shared-nc-vue) (id hint: ncVue) 2 related assets
  asset [1m[33mstackiq-main.js[39m[22m [1m[33m8.15 MiB[39m[22m [1m[32m[emitted][39m[22m [1m[32m[minimized][39m[22m [1m[33m[big][39m[22m (name: main) 2 related assets
  asset [1m[33mstackiq-settings.js[39m[22m [1m[33m5.19 MiB[39m[22m [1m[32m[emitted][39m[22m [1m[32m[minimized][39m[22m [1m[33m[big][39m[22m (name: adminSettings) 2 related assets
  asset [1m[33mstackiq-conceptOrganisatiesWidget.js[39m[22m [1m[33m4.71 MiB[39m[22m [1m[32m[emitted][39m[22m [1m[32m[minimized][39m[22m [1m[33m[big][39m[22m (name: conceptOrganisatiesWidget) 2 related assets
  asset [1m[33mstackiq-shared-vendor.js[39m[22m [1m[33m430 KiB[39m[22m [1m[32m[emitted][39m[22m [1m[32m[minimized][39m[22m [1m[33m[big][39m[22m (name: stackiq-shared-vendor) (id hint: vendor) 2 related assets
Entrypoint [1mmain[39m[22m [1m[33m[big][39m[22m 19.3 MiB (42.3 MiB) = [1m[32mstackiq-runtime.js?v=8cf7611a92c963eabf25[39m[22m 10 KiB [1m[32mstackiq-shared-nc-vue.js[39m[22m 10.7 MiB [1m[32mstackiq-shared-vendor.js[39m[22m 430 KiB [1m[32mstackiq-main.js[39m[22m 8.15 MiB 7 auxiliary assets
Entrypoint [1madminSettings[39m[22m [1m[33m[big][39m[22m 16.4 MiB (34.9 MiB) = [1m[32mstackiq-runtime.js?v=8cf7611a92c963eabf25[39m[22m 10 KiB [1m[32mstackiq-shared-nc-vue.js[39m[22m 10.7 MiB [1m[32mstackiq-shared-vendor.js[39m[22m 430 KiB [1m[32mstackiq-settings.js[39m[22m 5.19 MiB 7 auxiliary assets
Entrypoint [1mconceptOrganisatiesWidget[39m[22m [1m[33m[big][39m[22m 15.9 MiB (34.1 MiB) = [1m[32mstackiq-runtime.js?v=8cf7611a92c963eabf25[39m[22m 10 KiB [1m[32mstackiq-shared-nc-vue.js[39m[22m 10.7 MiB [1m[32mstackiq-shared-vendor.js[39m[22m 430 KiB [1m[32mstackiq-conceptOrganisatiesWidget.js[39m[22m 4.71 MiB 7 auxiliary assets

[1m[33mWARNING[39m[22m in [1m./node_modules/sax/lib/sax.js[39m[22m [1m[32m197:13-37[39m[22m
[1mModule [1m[31mnot found[39m[22m[1m: [1m[31mError[39m[22m[1m: Can't resolve 'stream' in '/home/rubenlinde/fleet-work/fx/stackiq/node_modules/sax/lib'

[1m[31mBREAKING CHANGE[39m[22m[1m: webpack < 5 used to include polyfills for node.js core modules by default.
This is no longer the case. Verify if you need this module and configure a polyfill for it.

If you want to include a polyfill, you need to:
	- add a fallback 'resolve.fallback: { "stream": require.resolve("stream-browserify") }'
	- install 'stream-browserify'
If you don't want to include a polyfill, you can use an empty module like this:
	resolve.fallback: { "stream": false }[39m[22m
 @ ./node_modules/@file-type/xml/lib/index.js 1:0-22 99:22-32
 @ ./node_modules/is-svg/index.js 1:0-47 14:29-44
 @ ./node_modules/@nextcloud/dialogs/node_modules/@nextcloud/files/dist/index.mjs 4:0-27 326:54-59 584:48-53
 @ ./node_modules/@nextcloud/dialogs/dist/chunks/PublicAuthPrompt.mjs 8:0-102 24:4-20 27:27-47 31:11-47 33:11-50 35:11-47
 @ ./node_modules/@nextcloud/dialogs/dist/chunks/index.mjs 357:31-63
 @ ./node_modules/@nextcloud/dialogs/dist/index.mjs 1:0-114 2:0-29:2 2:0-29:2 2:0-29:2 2:0-29:2 2:0-29:2 2:0-29:2 2:0-29:2 2:0-29:2 2:0-29:2 2:0-29:2 2:0-29:2 2:0-29:2 2:0-29:2 2:0-29:2 2:0-29:2 2:0-29:2 2:0-29:2 2:0-29:2 2:0-29:2 2:0-29:2 2:0-29:2 2:0-29:2 2:0-29:2 2:0-29:2 2:0-29:2 2:0-29:2
 @ ./node_modules/vue-loader/dist/index.js??ruleSet[1].rules[4].use[0]!./src/views/FacetedCatalogIndexView.vue?vue&type=script&lang=js 3:0-59 331:4-15 333:4-13
 @ ./src/views/FacetedCatalogIndexView.vue?vue&type=script&lang=js 1:0-154 1:0-154 1:155-298 1:155-298
 @ ./src/views/FacetedCatalogIndexView.vue 2:0-74 8:49-55 3:0-69 3:0-69
 @ ./src/customComponents.js 28:0-73 120:1-24
 @ ./src/main.js 31:0-52 112:34-50

[1m[33mWARNING[39m[22m in [1masset size limit: The following asset(s) exceed the recommended size limit (244 KiB).
This can impact web performance.
Assets: 
  stackiq-main.js (8.15 MiB)
  stackiq-settings.js (5.19 MiB)
  stackiq-conceptOrganisatiesWidget.js (4.71 MiB)
  stackiq-shared-nc-vue.js (10.7 MiB)
  stackiq-shared-vendor.js (430 KiB)[39m[22m

[1m[33mWARNING[39m[22m in [1mentrypoint size limit: The following entrypoint(s) combined asset size exceeds the recommended limit (244 KiB). This can impact web performance.
Entrypoints:
  main (19.3 MiB)
      stackiq-runtime.js?v=8cf7611a92c963eabf25
      stackiq-shared-nc-vue.js
      stackiq-shared-vendor.js
      stackiq-main.js
  adminSettings (16.4 MiB)
      stackiq-runtime.js?v=8cf7611a92c963eabf25
      stackiq-shared-nc-vue.js
      stackiq-shared-vendor.js
      stackiq-settings.js
  conceptOrganisatiesWidget (15.9 MiB)
      stackiq-runtime.js?v=8cf7611a92c963eabf25
      stackiq-shared-nc-vue.js
      stackiq-shared-vendor.js
      stackiq-conceptOrganisatiesWidget.js
[39m[22m

1 warning has detailed information that is not shown.
Use 'stats.errorDetails: true' resp. '--stats-error-details' to show it.

webpack 5.109.2 compiled with [1m[33m3 warnings[39m[22m in 85140 ms
